pseudonym,record_id,edad,age_group,sexo,systolic_bp,diastolic_bp,heart_rate,risk_group,schnorr_public_key
04e8adcd04f3a29cc87693b3615f773c88b184b14437aaa12232b71a228f4528,1,61,60+,F,124.0,71.0,61.0,False,106225543608064699841462269377016466275
04e8adcd04f3a29cc87693b3615f773c88b184b14437aaa12232b71a228f4528,2,61,60+,F,133.0,72.0,58.0,False,106225543608064699841462269377016466275
04e8adcd04f3a29cc87693b3615f773c88b184b14437aaa12232b71a228f4528,3,61,60+,F,138.0,66.0,57.0,False,106225543608064699841462269377016466275
04e8adcd04f3a29cc87693b3615f773c88b184b14437aaa12232b71a228f4528,4,61,60+,F,124.0,69.0,81.0,False,106225543608064699841462269377016466275
04e8adcd04f3a29cc87693b3615f773c88b184b14437aaa12232b71a228f4528,5,61,60+,F,124.0,66.0,60.0,False,106225543608064699841462269377016466275
5a96feef0225f248a7f7b7dddb828feedd30b8038ab2f4897582505346f2f338,6,74,60+,F,140.0,77.0,95.0,True,123210008314436672534164651501331224070
5a96feef0225f248a7f7b7dddb828feedd30b8038ab2f4897582505346f2f338,7,74,60+,F,134.0,76.0,92.0,False,123210008314436672534164651501331224070
5a96feef0225f248a7f7b7dddb828feedd30b8038ab2f4897582505346f2f338,8,74,60+,F,145.0,67.0,69.0,True,123210008314436672534164651501331224070
5a96feef0225f248a7f7b7dddb828feedd30b8038ab2f4897582505346f2f338,9,74,60+,F,134.0,75.0,63.0,False,123210008314436672534164651501331224070
5a96feef0225f248a7f7b7dddb828feedd30b8038ab2f4897582505346f2f338,10,74,60+,F,142.0,73.0,64.0,True,123210008314436672534164651501331224070
66591940926d84cf54a97424dd35f72dad2c0f16d24b52cfed158d60e8727470,11,35,18-39,M,135.0,80.0,91.0,False,85936159123753648053683807313197428571
66591940926d84cf54a97424dd35f72dad2c0f16d24b52cfed158d60e8727470,12,35,18-39,M,138.0,76.0,61.0,False,85936159123753648053683807313197428571
66591940926d84cf54a97424dd35f72dad2c0f16d24b52cfed158d60e8727470,13,35,18-39,M,134.0,80.0,58.0,False,85936159123753648053683807313197428571
66591940926d84cf54a97424dd35f72dad2c0f16d24b52cfed158d60e8727470,14,35,18-39,M,138.0,78.0,98.0,False,85936159123753648053683807313197428571
66591940926d84cf54a97424dd35f72dad2c0f16d24b52cfed158d60e8727470,15,35,18-39,M,145.0,76.0,84.0,True,85936159123753648053683807313197428571
90c853e7297e8e9161caea8c164c2ba2067fe04a67e86db577e809d16f11d429,16,78,60+,M,121.0,78.0,60.0,False,61268846922540482216358943099331589483
90c853e7297e8e9161caea8c164c2ba2067fe04a67e86db577e809d16f11d429,17,78,60+,M,125.0,83.0,86.0,False,61268846922540482216358943099331589483
90c853e7297e8e9161caea8c164c2ba2067fe04a67e86db577e809d16f11d429,18,78,60+,M,126.0,82.0,73.0,False,61268846922540482216358943099331589483
90c853e7297e8e9161caea8c164c2ba2067fe04a67e86db577e809d16f11d429,19,78,60+,M,118.0,76.0,87.0,False,61268846922540482216358943099331589483
90c853e7297e8e9161caea8c164c2ba2067fe04a67e86db577e809d16f11d429,20,78,60+,M,129.0,77.0,103.0,False,61268846922540482216358943099331589483
088ec194517d4802ac8732c210dae7d7cb71faa389ec874b43c11d58d6c25764,21,63,60+,F,129.0,96.0,59.0,True,52096872901831082671295965987340208474
088ec194517d4802ac8732c210dae7d7cb71faa389ec874b43c11d58d6c25764,22,63,60+,F,138.0,91.0,99.0,True,52096872901831082671295965987340208474
088ec194517d4802ac8732c210dae7d7cb71faa389ec874b43c11d58d6c25764,23,63,60+,F,139.0,95.0,86.0,True,52096872901831082671295965987340208474
088ec194517d4802ac8732c210dae7d7cb71faa389ec874b43c11d58d6c25764,24,63,60+,F,142.0,87.0,60.0,True,52096872901831082671295965987340208474
088ec194517d4802ac8732c210dae7d7cb71faa389ec874b43c11d58d6c25764,25,63,60+,F,136.0,93.0,99.0,True,52096872901831082671295965987340208474
0c5d218c0eefe8f516b74f1d9de2a02cfc8b7f88f9c4d5fe956f3abbf99902c8,26,28,18-39,F,157.0,83.0,100.0,True,77784013636838508164751893489325223194
0c5d218c0eefe8f516b74f1d9de2a02cfc8b7f88f9c4d5fe956f3abbf99902c8,27,28,18-39,F,155.0,89.0,77.0,True,77784013636838508164751893489325223194
0c5d218c0eefe8f516b74f1d9de2a02cfc8b7f88f9c4d5fe956f3abbf99902c8,28,28,18-39,F,143.0,86.0,77.0,True,77784013636838508164751893489325223194
0c5d218c0eefe8f516b74f1d9de2a02cfc8b7f88f9c4d5fe956f3abbf99902c8,29,28,18-39,F,148.0,88.0,62.0,True,77784013636838508164751893489325223194
0c5d218c0eefe8f516b74f1d9de2a02cfc8b7f88f9c4d5fe956f3abbf99902c8,30,28,18-39,F,158.0,79.0,68.0,True,77784013636838508164751893489325223194
266b05addfa366c84494d6e55e1696c10610250650aa65bc64a2f0f74a5119b9,31,56,40-59,F,156.0,81.0,86.0,True,93654098405494761442358616882835995472
266b05addfa366c84494d6e55e1696c10610250650aa65bc64a2f0f74a5119b9,32,56,40-59,F,146.0,77.0,83.0,True,93654098405494761442358616882835995472
266b05addfa366c84494d6e55e1696c10610250650aa65bc64a2f0f74a5119b9,33,56,40-59,F,156.0,83.0,72.0,True,93654098405494761442358616882835995472
266b05addfa366c84494d6e55e1696c10610250650aa65bc64a2f0f74a5119b9,34,56,40-59,F,148.0,81.0,90.0,True,93654098405494761442358616882835995472
266b05addfa366c84494d6e55e1696c10610250650aa65bc64a2f0f74a5119b9,35,56,40-59,F,152.0,81.0,77.0,True,93654098405494761442358616882835995472
08f59390aa854400c4928db6b087bd9e728036fe8c384ed2d1ba8f5c50946827,36,68,60+,F,111.0,67.0,69.0,False,7043433976312898153604767274378257591
08f59390aa854400c4928db6b087bd9e728036fe8c384ed2d1ba8f5c50946827,37,68,60+,F,113.0,65.0,86.0,False,7043433976312898153604767274378257591
08f59390aa854400c4928db6b087bd9e728036fe8c384ed2d1ba8f5c50946827,38,68,60+,F,111.0,69.0,73.0,False,7043433976312898153604767274378257591
08f59390aa854400c4928db6b087bd9e728036fe8c384ed2d1ba8f5c50946827,39,68,60+,F,106.0,67.0,81.0,False,7043433976312898153604767274378257591
08f59390aa854400c4928db6b087bd9e728036fe8c384ed2d1ba8f5c50946827,40,68,60+,F,117.0,74.0,91.0,False,7043433976312898153604767274378257591
dfbc81fefed50336935228058585e5877b4d2a57b3ec902e7e19d04cb79fe154,41,60,60+,F,142.0,99.0,104.0,True,133312992465060621700231694837557179919
dfbc81fefed50336935228058585e5877b4d2a57b3ec902e7e19d04cb79fe154,42,60,60+,F,153.0,98.0,80.0,True,133312992465060621700231694837557179919
dfbc81fefed50336935228058585e5877b4d2a57b3ec902e7e19d04cb79fe154,43,60,60+,F,153.0,93.0,85.0,True,133312992465060621700231694837557179919
dfbc81fefed50336935228058585e5877b4d2a57b3ec902e7e19d04cb79fe154,44,60,60+,F,153.0,92.0,67.0,True,133312992465060621700231694837557179919
dfbc81fefed50336935228058585e5877b4d2a57b3ec902e7e19d04cb79fe154,45,60,60+,F,143.0,95.0,83.0,True,133312992465060621700231694837557179919
5f50e0fd44588d68fabd58813b9acc367586ea87001244ad813927120c1ef633,46,40,40-59,F,121.0,63.0,91.0,False,134567064023799749667021224831268346227
5f50e0fd44588d68fabd58813b9acc367586ea87001244ad813927120c1ef633,47,40,40-59,F,122.0,71.0,61.0,False,134567064023799749667021224831268346227
5f50e0fd44588d68fabd58813b9acc367586ea87001244ad813927120c1ef633,48,40,40-59,F,129.0,72.0,56.0,False,134567064023799749667021224831268346227
5f50e0fd44588d68fabd58813b9acc367586ea87001244ad813927120c1ef633,49,40,40-59,F,120.0,66.0,94.0,False,134567064023799749667021224831268346227
5f50e0fd44588d68fabd58813b9acc367586ea87001244ad813927120c1ef633,50,40,40-59,F,130.0,65.0,95.0,False,134567064023799749667021224831268346227
fc9932fe59f3c5d254fe48f2655e3a2f69f9ce7581b7c01957347d734fec8aac,51,52,40-59,M,150.0,84.0,62.0,True,112301749814698878399976152303463759548
fc9932fe59f3c5d254fe48f2655e3a2f69f9ce7581b7c01957347d734fec8aac,52,52,40-59,M,150.0,90.0,85.0,True,112301749814698878399976152303463759548
fc9932fe59f3c5d254fe48f2655e3a2f69f9ce7581b7c01957347d734fec8aac,53,52,40-59,M,150.0,87.0,60.0,True,112301749814698878399976152303463759548
fc9932fe59f3c5d254fe48f2655e3a2f69f9ce7581b7c01957347d734fec8aac,54,52,40-59,M,139.0,84.0,102.0,False,112301749814698878399976152303463759548
fc9932fe59f3c5d254fe48f2655e3a2f69f9ce7581b7c01957347d734fec8aac,55,52,40-59,M,145.0,87.0,85.0,True,112301749814698878399976152303463759548
5a544b66fbc4204a4f1c911387097bed913a663c867d370e9dd196049ffce896,56,40,40-59,F,121.0,95.0,99.0,True,77057682055279432927480110948781140258
5a544b66fbc4204a4f1c911387097bed913a663c867d370e9dd196049ffce896,57,40,40-59,F,110.0,101.0,74.0,True,77057682055279432927480110948781140258
5a544b66fbc4204a4f1c911387097bed913a663c867d370e9dd196049ffce896,58,40,40-59,F,112.0,97.0,88.0,True,77057682055279432927480110948781140258
5a544b66fbc4204a4f1c911387097bed913a663c867d370e9dd196049ffce896,59,40,40-59,F,121.0,95.0,77.0,True,77057682055279432927480110948781140258
5a544b66fbc4204a4f1c911387097bed913a663c867d370e9dd196049ffce896,60,40,40-59,F,117.0,101.0,89.0,True,77057682055279432927480110948781140258
7360728155c8b8b220b5a54014cfd5b9c64262ce394f5a9234cf14349485e86d,61,84,60+,M,143.0,77.0,80.0,True,154515009134134240132786109045805655453
7360728155c8b8b220b5a54014cfd5b9c64262ce394f5a9234cf14349485e86d,62,84,60+,M,144.0,77.0,88.0,True,154515009134134240132786109045805655453
7360728155c8b8b220b5a54014cfd5b9c64262ce394f5a9234cf14349485e86d,63,84,60+,M,152.0,79.0,101.0,True,154515009134134240132786109045805655453
7360728155c8b8b220b5a54014cfd5b9c64262ce394f5a9234cf14349485e86d,64,84,60+,M,137.0,74.0,105.0,False,154515009134134240132786109045805655453
7360728155c8b8b220b5a54014cfd5b9c64262ce394f5a9234cf14349485e86d,65,84,60+,M,145.0,81.0,71.0,True,154515009134134240132786109045805655453
67ed844cec655ad0e440700c772a9a6f0cbc85722a10ab27297a6141be15ea72,66,44,40-59,M,136.0,83.0,69.0,False,144455702784163888756685708953200669442
67ed844cec655ad0e440700c772a9a6f0cbc85722a10ab27297a6141be15ea72,67,44,40-59,M,128.0,85.0,85.0,False,144455702784163888756685708953200669442
67ed844cec655ad0e440700c772a9a6f0cbc85722a10ab27297a6141be15ea72,68,44,40-59,M,131.0,87.0,68.0,False,144455702784163888756685708953200669442
67ed844cec655ad0e440700c772a9a6f0cbc85722a10ab27297a6141be15ea72,69,44,40-59,M,140.0,91.0,94.0,True,144455702784163888756685708953200669442
67ed844cec655ad0e440700c772a9a6f0cbc85722a10ab27297a6141be15ea72,70,44,40-59,M,125.0,89.0,96.0,False,144455702784163888756685708953200669442
2caa084ff57a3c9bf8143cd4184a705379d17dad5ca9c70debbb7d1a28aea089,71,64,60+,F,151.0,70.0,85.0,True,4106053512782381389966860164319342879
2caa084ff57a3c9bf8143cd4184a705379d17dad5ca9c70debbb7d1a28aea089,72,64,60+,F,144.0,73.0,105.0,True,4106053512782381389966860164319342879
2caa084ff57a3c9bf8143cd4184a705379d17dad5ca9c70debbb7d1a28aea089,73,64,60+,F,149.0,68.0,101.0,True,4106053512782381389966860164319342879
2caa084ff57a3c9bf8143cd4184a705379d17dad5ca9c70debbb7d1a28aea089,74,64,60+,F,151.0,74.0,80.0,True,4106053512782381389966860164319342879
2caa084ff57a3c9bf8143cd4184a705379d17dad5ca9c70debbb7d1a28aea089,75,64,60+,F,141.0,69.0,65.0,True,4106053512782381389966860164319342879
1d3ca2e8e4ed71015981463ed7e5af48cf036df7bf186c9077ff02ed350ed48d,76,36,18-39,F,110.0,98.0,93.0,True,92095762877435430506141152531336373777
1d3ca2e8e4ed71015981463ed7e5af48cf036df7bf186c9077ff02ed350ed48d,77,36,18-39,F,121.0,99.0,77.0,True,92095762877435430506141152531336373777
1d3ca2e8e4ed71015981463ed7e5af48cf036df7bf186c9077ff02ed350ed48d,78,36,18-39,F,110.0,97.0,90.0,True,92095762877435430506141152531336373777
1d3ca2e8e4ed71015981463ed7e5af48cf036df7bf186c9077ff02ed350ed48d,79,36,18-39,F,110.0,89.0,55.0,False,92095762877435430506141152531336373777
1d3ca2e8e4ed71015981463ed7e5af48cf036df7bf186c9077ff02ed350ed48d,80,36,18-39,F,109.0,97.0,102.0,True,92095762877435430506141152531336373777
28f6ab134accfaefc8cb38e8aebe7b62449884dbaef1c172d0be72dc3964fd0a,81,37,18-39,M,109.0,77.0,68.0,False,50927998409594399407741916100226888659
28f6ab134accfaefc8cb38e8aebe7b62449884dbaef1c172d0be72dc3964fd0a,82,37,18-39,M,118.0,81.0,70.0,False,50927998409594399407741916100226888659
28f6ab134accfaefc8cb38e8aebe7b62449884dbaef1c172d0be72dc3964fd0a,83,37,18-39,M,119.0,77.0,89.0,False,50927998409594399407741916100226888659
28f6ab134accfaefc8cb38e8aebe7b62449884dbaef1c172d0be72dc3964fd0a,84,37,18-39,M,122.0,75.0,58.0,False,50927998409594399407741916100226888659
28f6ab134accfaefc8cb38e8aebe7b62449884dbaef1c172d0be72dc3964fd0a,85,37,18-39,M,120.0,80.0,97.0,False,50927998409594399407741916100226888659
bf91138c1b59819ec62e8a5f82d6b1a167113d5f58ad9b946b55b4ee314764c6,86,73,60+,F,147.0,77.0,56.0,True,20339135605049623632420604922422460378
bf91138c1b59819ec62e8a5f82d6b1a167113d5f58ad9b946b55b4ee314764c6,87,73,60+,F,145.0,71.0,93.0,True,20339135605049623632420604922422460378
bf91138c1b59819ec62e8a5f82d6b1a167113d5f58ad9b946b55b4ee314764c6,88,73,60+,F,131.0,71.0,66.0,False,20339135605049623632420604922422460378
bf91138c1b59819ec62e8a5f82d6b1a167113d5f58ad9b946b55b4ee314764c6,89,73,60+,F,135.0,76.0,94.0,False,20339135605049623632420604922422460378
bf91138c1b59819ec62e8a5f82d6b1a167113d5f58ad9b946b55b4ee314764c6,90,73,60+,F,134.0,77.0,58.0,False,20339135605049623632420604922422460378
8431f0b03c18b2ed484e8004f80a67f3efb4adb84d70358efd79237be891a8e4,91,61,60+,M,148.0,69.0,67.0,True,2837589255426601919283295102002781605
8431f0b03c18b2ed484e8004f80a67f3efb4adb84d70358efd79237be891a8e4,92,61,60+,M,155.0,66.0,104.0,True,2837589255426601919283295102002781605
8431f0b03c18b2ed484e8004f80a67f3efb4adb84d70358efd79237be891a8e4,93,61,60+,M,150.0,74.0,83.0,True,2837589255426601919283295102002781605
8431f0b03c18b2ed484e8004f80a67f3efb4adb84d70358efd79237be891a8e4,94,61,60+,M,147.0,67.0,83.0,True,2837589255426601919283295102002781605
8431f0b03c18b2ed484e8004f80a67f3efb4adb84d70358efd79237be891a8e4,95,61,60+,M,157.0,75.0,87.0,True,2837589255426601919283295102002781605
d6e6486a8872bc12cede9d440d3fd5160c3d783acc1c0af2149b976334483701,96,85,60+,F,155.0,85.0,89.0,True,53215171165897884346735450890823996798
d6e6486a8872bc12cede9d440d3fd5160c3d783acc1c0af2149b976334483701,97,85,60+,F,156.0,85.0,70.0,True,53215171165897884346735450890823996798
d6e6486a8872bc12cede9d440d3fd5160c3d783acc1c0af2149b976334483701,98,85,60+,F,157.0,81.0,90.0,True,53215171165897884346735450890823996798
d6e6486a8872bc12cede9d440d3fd5160c3d783acc1c0af2149b976334483701,99,85,60+,F,147.0,84.0,63.0,True,53215171165897884346735450890823996798
d6e6486a8872bc12cede9d440d3fd5160c3d783acc1c0af2149b976334483701,100,85,60+,F,154.0,78.0,80.0,True,53215171165897884346735450890823996798
2830e6e29d48e73bfd72b38202caf96af113a8767ff411b47e328ca825b5f20c,101,76,60+,M,114.0,76.0,68.0,False,136356674200307642652988660147373703927
2830e6e29d48e73bfd72b38202caf96af113a8767ff411b47e328ca825b5f20c,102,76,60+,M,110.0,76.0,104.0,False,136356674200307642652988660147373703927
2830e6e29d48e73bfd72b38202caf96af113a8767ff411b47e328ca825b5f20c,103,76,60+,M,105.0,85.0,97.0,False,136356674200307642652988660147373703927
2830e6e29d48e73bfd72b38202caf96af113a8767ff411b47e328ca825b5f20c,104,76,60+,M,112.0,77.0,71.0,False,136356674200307642652988660147373703927
2830e6e29d48e73bfd72b38202caf96af113a8767ff411b47e328ca825b5f20c,105,76,60+,M,105.0,82.0,69.0,False,136356674200307642652988660147373703927
9aaef483c18147b083cf075bbb678571ed5072326a0e124a720edecb6029ea0b,106,32,18-39,M,135.0,72.0,100.0,False,116162991273604220613898990613316903586
9aaef483c18147b083cf075bbb678571ed5072326a0e124a720edecb6029ea0b,107,32,18-39,M,141.0,78.0,80.0,True,116162991273604220613898990613316903586
9aaef483c18147b083cf075bbb678571ed5072326a0e124a720edecb6029ea0b,108,32,18-39,M,138.0,76.0,67.0,False,116162991273604220613898990613316903586
9aaef483c18147b083cf075bbb678571ed5072326a0e124a720edecb6029ea0b,109,32,18-39,M,139.0,75.0,60.0,False,116162991273604220613898990613316903586
9aaef483c18147b083cf075bbb678571ed5072326a0e124a720edecb6029ea0b,110,32,18-39,M,139.0,70.0,76.0,False,116162991273604220613898990613316903586
7914542f1db1beea74e5efadadc0a1f5cdbc684d26b4d55d0e469043583c52b8,111,78,60+,M,154.0,66.0,88.0,True,75520724916007925264865713983836001525
7914542f1db1beea74e5efadadc0a1f5cdbc684d26b4d55d0e469043583c52b8,112,78,60+,M,151.0,69.0,59.0,True,75520724916007925264865713983836001525
7914542f1db1beea74e5efadadc0a1f5cdbc684d26b4d55d0e469043583c52b8,113,78,60+,M,145.0,64.0,61.0,True,75520724916007925264865713983836001525
7914542f1db1beea74e5efadadc0a1f5cdbc684d26b4d55d0e469043583c52b8,114,78,60+,M,144.0,65.0,72.0,True,75520724916007925264865713983836001525
7914542f1db1beea74e5efadadc0a1f5cdbc684d26b4d55d0e469043583c52b8,115,78,60+,M,143.0,63.0,72.0,True,75520724916007925264865713983836001525
26e386d52d44cea663e2e15d483b96780c602604583f70099753d63daacc8d51,116,36,18-39,M,152.0,78.0,89.0,True,152180689974361803997467270118582048657
26e386d52d44cea663e2e15d483b96780c602604583f70099753d63daacc8d51,117,36,18-39,M,156.0,85.0,86.0,True,152180689974361803997467270118582048657
26e386d52d44cea663e2e15d483b96780c602604583f70099753d63daacc8d51,118,36,18-39,M,150.0,77.0,72.0,True,152180689974361803997467270118582048657
26e386d52d44cea663e2e15d483b96780c602604583f70099753d63daacc8d51,119,36,18-39,M,141.0,78.0,82.0,True,152180689974361803997467270118582048657
26e386d52d44cea663e2e15d483b96780c602604583f70099753d63daacc8d51,120,36,18-39,M,142.0,80.0,56.0,True,152180689974361803997467270118582048657
4e84c60b22e05a5ea661cafb66e8468f77bb9e6c53a8705b6a860e0175918c97,121,31,18-39,M,104.0,78.0,62.0,False,162447349323756138332174346316842290462
4e84c60b22e05a5ea661cafb66e8468f77bb9e6c53a8705b6a860e0175918c97,122,31,18-39,M,116.0,74.0,76.0,False,162447349323756138332174346316842290462
4e84c60b22e05a5ea661cafb66e8468f77bb9e6c53a8705b6a860e0175918c97,123,31,18-39,M,115.0,78.0,94.0,False,162447349323756138332174346316842290462
4e84c60b22e05a5ea661cafb66e8468f77bb9e6c53a8705b6a860e0175918c97,124,31,18-39,M,106.0,74.0,88.0,False,162447349323756138332174346316842290462
4e84c60b22e05a5ea661cafb66e8468f77bb9e6c53a8705b6a860e0175918c97,125,31,18-39,M,109.0,75.0,65.0,False,162447349323756138332174346316842290462
be41c2e23bf8c63695652641b643ff707cdad13dabe91890cdd808d9e5872557,126,53,40-59,F,117.0,82.0,74.0,False,166090362833948697279963398643677170678
be41c2e23bf8c63695652641b643ff707cdad13dabe91890cdd808d9e5872557,127,53,40-59,F,124.0,75.0,73.0,False,166090362833948697279963398643677170678
be41c2e23bf8c63695652641b643ff707cdad13dabe91890cdd808d9e5872557,128,53,40-59,F,122.0,80.0,98.0,False,166090362833948697279963398643677170678
be41c2e23bf8c63695652641b643ff707cdad13dabe91890cdd808d9e5872557,129,53,40-59,F,113.0,76.0,77.0,False,166090362833948697279963398643677170678
be41c2e23bf8c63695652641b643ff707cdad13dabe91890cdd808d9e5872557,130,53,40-59,F,108.0,76.0,57.0,False,166090362833948697279963398643677170678
2596d755b109929c3ef0326a64f56edcd4f9536eea2e23ef8f3a988bf1fa1f6a,131,21,18-39,F,149.0,100.0,85.0,True,1173517154193933204531080652666108959
2596d755b109929c3ef0326a64f56edcd4f9536eea2e23ef8f3a988bf1fa1f6a,132,21,18-39,F,150.0,99.0,61.0,True,1173517154193933204531080652666108959
2596d755b109929c3ef0326a64f56edcd4f9536eea2e23ef8f3a988bf1fa1f6a,133,21,18-39,F,156.0,102.0,86.0,True,1173517154193933204531080652666108959
2596d755b109929c3ef0326a64f56edcd4f9536eea2e23ef8f3a988bf1fa1f6a,134,21,18-39,F,155.0,100.0,74.0,True,1173517154193933204531080652666108959
2596d755b109929c3ef0326a64f56edcd4f9536eea2e23ef8f3a988bf1fa1f6a,135,21,18-39,F,149.0,95.0,76.0,True,1173517154193933204531080652666108959
8fa3f22ea6dbbb4ab93fe11414d6445d2d6a20f3f5997979c4da548be898b07b,136,45,40-59,F,123.0,84.0,55.0,False,125262959983184501134215432351767126578
8fa3f22ea6dbbb4ab93fe11414d6445d2d6a20f3f5997979c4da548be898b07b,137,45,40-59,F,124.0,92.0,102.0,True,125262959983184501134215432351767126578
8fa3f22ea6dbbb4ab93fe11414d6445d2d6a20f3f5997979c4da548be898b07b,138,45,40-59,F,130.0,88.0,65.0,False,125262959983184501134215432351767126578
8fa3f22ea6dbbb4ab93fe11414d6445d2d6a20f3f5997979c4da548be898b07b,139,45,40-59,F,123.0,83.0,97.0,False,125262959983184501134215432351767126578
8fa3f22ea6dbbb4ab93fe11414d6445d2d6a20f3f5997979c4da548be898b07b,140,45,40-59,F,134.0,90.0,97.0,True,125262959983184501134215432351767126578
f21603f1914d0e8dcf9553b7627a8efa8ed128a46396edd1196266c90b7494ba,141,56,40-59,F,142.0,85.0,66.0,True,115482781346897882943403239976303784471
f21603f1914d0e8dcf9553b7627a8efa8ed128a46396edd1196266c90b7494ba,142,56,40-59,F,146.0,82.0,83.0,True,115482781346897882943403239976303784471
f21603f1914d0e8dcf9553b7627a8efa8ed128a46396edd1196266c90b7494ba,143,56,40-59,F,141.0,82.0,78.0,True,115482781346897882943403239976303784471
f21603f1914d0e8dcf9553b7627a8efa8ed128a46396edd1196266c90b7494ba,144,56,40-59,F,151.0,86.0,75.0,True,115482781346897882943403239976303784471
f21603f1914d0e8dcf9553b7627a8efa8ed128a46396edd1196266c90b7494ba,145,56,40-59,F,148.0,78.0,74.0,True,115482781346897882943403239976303784471
200ad0af8c5026f7885306d493e3b6d6bc1cf2b6e9c88897a6346111f40a479d,146,47,40-59,M,118.0,66.0,60.0,False,85823057035735030196330424917533449586
200ad0af8c5026f7885306d493e3b6d6bc1cf2b6e9c88897a6346111f40a479d,147,47,40-59,M,123.0,64.0,87.0,False,85823057035735030196330424917533449586
200ad0af8c5026f7885306d493e3b6d6bc1cf2b6e9c88897a6346111f40a479d,148,47,40-59,M,114.0,63.0,87.0,False,85823057035735030196330424917533449586
200ad0af8c5026f7885306d493e3b6d6bc1cf2b6e9c88897a6346111f40a479d,149,47,40-59,M,108.0,61.0,71.0,False,85823057035735030196330424917533449586
200ad0af8c5026f7885306d493e3b6d6bc1cf2b6e9c88897a6346111f40a479d,150,47,40-59,M,110.0,62.0,80.0,False,85823057035735030196330424917533449586
d0b2c5789fdc0450d4c71cc64bfa401475348471ad467f78ad42c47d8eefa995,151,25,18-39,M,107.0,89.0,69.0,False,163171557600178243639039940405445805458
d0b2c5789fdc0450d4c71cc64bfa401475348471ad467f78ad42c47d8eefa995,152,25,18-39,M,100.0,88.0,88.0,False,163171557600178243639039940405445805458
d0b2c5789fdc0450d4c71cc64bfa401475348471ad467f78ad42c47d8eefa995,153,25,18-39,M,102.0,89.0,100.0,False,163171557600178243639039940405445805458
d0b2c5789fdc0450d4c71cc64bfa401475348471ad467f78ad42c47d8eefa995,154,25,18-39,M,110.0,84.0,101.0,False,163171557600178243639039940405445805458
d0b2c5789fdc0450d4c71cc64bfa401475348471ad467f78ad42c47d8eefa995,155,25,18-39,M,113.0,81.0,73.0,False,163171557600178243639039940405445805458
d10f0e1ab1d037e20fe276b6b02895ebce27e8330caff061599d3cc85426c2f0,156,38,18-39,F,155.0,100.0,63.0,True,3180525458394809691012849087135313962
d10f0e1ab1d037e20fe276b6b02895ebce27e8330caff061599d3cc85426c2f0,157,38,18-39,F,158.0,100.0,91.0,True,3180525458394809691012849087135313962
d10f0e1ab1d037e20fe276b6b02895ebce27e8330caff061599d3cc85426c2f0,158,38,18-39,F,142.0,102.0,92.0,True,3180525458394809691012849087135313962
d10f0e1ab1d037e20fe276b6b02895ebce27e8330caff061599d3cc85426c2f0,159,38,18-39,F,149.0,93.0,56.0,True,3180525458394809691012849087135313962
d10f0e1ab1d037e20fe276b6b02895ebce27e8330caff061599d3cc85426c2f0,160,38,18-39,F,143.0,94.0,95.0,True,3180525458394809691012849087135313962
0ab7c6a6bbde902548373505ca8be22d4807c43f39a8cbe610266ad502126ba3,161,66,60+,F,122.0,98.0,56.0,True,87822297644857320921357725595389694556
0ab7c6a6bbde902548373505ca8be22d4807c43f39a8cbe610266ad502126ba3,162,66,60+,F,128.0,95.0,71.0,True,87822297644857320921357725595389694556
0ab7c6a6bbde902548373505ca8be22d4807c43f39a8cbe610266ad502126ba3,163,66,60+,F,121.0,95.0,59.0,True,87822297644857320921357725595389694556
0ab7c6a6bbde902548373505ca8be22d4807c43f39a8cbe610266ad502126ba3,164,66,60+,F,137.0,96.0,60.0,True,87822297644857320921357725595389694556
0ab7c6a6bbde902548373505ca8be22d4807c43f39a8cbe610266ad502126ba3,165,66,60+,F,137.0,89.0,102.0,False,87822297644857320921357725595389694556
fefbd19032a8a54d92acf3211cd7c9511847b6fcbef1d537f42049a56e75d2df,166,80,60+,M,108.0,79.0,69.0,False,121671844788398416398010601374307240734
fefbd19032a8a54d92acf3211cd7c9511847b6fcbef1d537f42049a56e75d2df,167,80,60+,M,115.0,83.0,79.0,False,121671844788398416398010601374307240734
fefbd19032a8a54d92acf3211cd7c9511847b6fcbef1d537f42049a56e75d2df,168,80,60+,M,103.0,83.0,98.0,False,121671844788398416398010601374307240734
fefbd19032a8a54d92acf3211cd7c9511847b6fcbef1d537f42049a56e75d2df,169,80,60+,M,110.0,76.0,94.0,False,121671844788398416398010601374307240734
fefbd19032a8a54d92acf3211cd7c9511847b6fcbef1d537f42049a56e75d2df,170,80,60+,M,107.0,77.0,93.0,False,121671844788398416398010601374307240734
a52548428a920ff2be76fe7daf0041612477f2061d42826c88f7a4052821d055,171,38,18-39,M,117.0,79.0,85.0,False,157321131841140580232308291744137204235
a52548428a920ff2be76fe7daf0041612477f2061d42826c88f7a4052821d055,172,38,18-39,M,114.0,86.0,72.0,False,157321131841140580232308291744137204235
a52548428a920ff2be76fe7daf0041612477f2061d42826c88f7a4052821d055,173,38,18-39,M,116.0,82.0,98.0,False,157321131841140580232308291744137204235
a52548428a920ff2be76fe7daf0041612477f2061d42826c88f7a4052821d055,174,38,18-39,M,128.0,83.0,100.0,False,157321131841140580232308291744137204235
a52548428a920ff2be76fe7daf0041612477f2061d42826c88f7a4052821d055,175,38,18-39,M,129.0,83.0,84.0,False,157321131841140580232308291744137204235
e6fc80272c74852bcf9d424ca050103a132f1d23cb3bd3bde7405df37d891d44,176,79,60+,M,152.0,71.0,60.0,True,157863643989965809234158061525411427994
e6fc80272c74852bcf9d424ca050103a132f1d23cb3bd3bde7405df37d891d44,177,79,60+,M,161.0,67.0,73.0,True,157863643989965809234158061525411427994
e6fc80272c74852bcf9d424ca050103a132f1d23cb3bd3bde7405df37d891d44,178,79,60+,M,160.0,68.0,87.0,True,157863643989965809234158061525411427994
e6fc80272c74852bcf9d424ca050103a132f1d23cb3bd3bde7405df37d891d44,179,79,60+,M,160.0,71.0,79.0,True,157863643989965809234158061525411427994
e6fc80272c74852bcf9d424ca050103a132f1d23cb3bd3bde7405df37d891d44,180,79,60+,M,152.0,70.0,59.0,True,157863643989965809234158061525411427994
fcbb464caa5782071e41c1bf5cff7a86f602b72f0a59b1e43cd4a374d2abe31c,181,31,18-39,F,152.0,98.0,63.0,True,165113020550547618000037551965936550974
fcbb464caa5782071e41c1bf5cff7a86f602b72f0a59b1e43cd4a374d2abe31c,182,31,18-39,F,160.0,97.0,62.0,True,165113020550547618000037551965936550974
fcbb464caa5782071e41c1bf5cff7a86f602b72f0a59b1e43cd4a374d2abe31c,183,31,18-39,F,155.0,96.0,86.0,True,165113020550547618000037551965936550974
fcbb464caa5782071e41c1bf5cff7a86f602b72f0a59b1e43cd4a374d2abe31c,184,31,18-39,F,159.0,99.0,56.0,True,165113020550547618000037551965936550974
fcbb464caa5782071e41c1bf5cff7a86f602b72f0a59b1e43cd4a374d2abe31c,185,31,18-39,F,149.0,93.0,86.0,True,165113020550547618000037551965936550974
97a62c0539aa93421fd86ef4c20fa844679b9a059616266a77ecade08f4d3ff4,186,77,60+,M,129.0,74.0,79.0,False,153613023151966560603152049565306064712
97a62c0539aa93421fd86ef4c20fa844679b9a059616266a77ecade08f4d3ff4,187,77,60+,M,126.0,70.0,76.0,False,153613023151966560603152049565306064712
97a62c0539aa93421fd86ef4c20fa844679b9a059616266a77ecade08f4d3ff4,188,77,60+,M,116.0,74.0,103.0,False,153613023151966560603152049565306064712
97a62c0539aa93421fd86ef4c20fa844679b9a059616266a77ecade08f4d3ff4,189,77,60+,M,126.0,75.0,62.0,False,153613023151966560603152049565306064712
97a62c0539aa93421fd86ef4c20fa844679b9a059616266a77ecade08f4d3ff4,190,77,60+,M,122.0,69.0,102.0,False,153613023151966560603152049565306064712
d5fcfbaf6e7f844501ccc3a566bcacfe97774ab0b65d822574def11b782e9fa3,191,57,40-59,M,132.0,70.0,92.0,False,128159870045367102520942441782241457723
d5fcfbaf6e7f844501ccc3a566bcacfe97774ab0b65d822574def11b782e9fa3,192,57,40-59,M,122.0,69.0,82.0,False,128159870045367102520942441782241457723
d5fcfbaf6e7f844501ccc3a566bcacfe97774ab0b65d822574def11b782e9fa3,193,57,40-59,M,128.0,64.0,72.0,False,128159870045367102520942441782241457723
d5fcfbaf6e7f844501ccc3a566bcacfe97774ab0b65d822574def11b782e9fa3,194,57,40-59,M,123.0,64.0,97.0,False,128159870045367102520942441782241457723
d5fcfbaf6e7f844501ccc3a566bcacfe97774ab0b65d822574def11b782e9fa3,195,57,40-59,M,129.0,74.0,64.0,False,128159870045367102520942441782241457723
4b7aa12d645b03a54b3af7e958984ce2f52e52b974a57947c517389d28394773,196,51,40-59,M,134.0,95.0,104.0,True,168706880061980628517445581126866293627
4b7aa12d645b03a54b3af7e958984ce2f52e52b974a57947c517389d28394773,197,51,40-59,M,135.0,98.0,56.0,True,168706880061980628517445581126866293627
4b7aa12d645b03a54b3af7e958984ce2f52e52b974a57947c517389d28394773,198,51,40-59,M,136.0,100.0,90.0,True,168706880061980628517445581126866293627
4b7aa12d645b03a54b3af7e958984ce2f52e52b974a57947c517389d28394773,199,51,40-59,M,130.0,93.0,58.0,True,168706880061980628517445581126866293627
4b7aa12d645b03a54b3af7e958984ce2f52e52b974a57947c517389d28394773,200,51,40-59,M,137.0,99.0,94.0,True,168706880061980628517445581126866293627
1c456448d124544a09011009c244e96ca4042266614eb8f2c8899e930ec26ca7,201,37,18-39,M,132.0,65.0,85.0,False,9090605321753877027869810918513110767
1c456448d124544a09011009c244e96ca4042266614eb8f2c8899e930ec26ca7,202,37,18-39,M,141.0,68.0,73.0,True,9090605321753877027869810918513110767
1c456448d124544a09011009c244e96ca4042266614eb8f2c8899e930ec26ca7,203,37,18-39,M,137.0,67.0,102.0,False,9090605321753877027869810918513110767
1c456448d124544a09011009c244e96ca4042266614eb8f2c8899e930ec26ca7,204,37,18-39,M,136.0,69.0,96.0,False,9090605321753877027869810918513110767
1c456448d124544a09011009c244e96ca4042266614eb8f2c8899e930ec26ca7,205,37,18-39,M,135.0,67.0,85.0,False,9090605321753877027869810918513110767
966454bfe862cadd4d2c60e26ec99612104e66b5f3b6d28c851f406beb16b9dc,206,70,60+,F,109.0,73.0,87.0,False,40765542638099224900146920412389426314
966454bfe862cadd4d2c60e26ec99612104e66b5f3b6d28c851f406beb16b9dc,207,70,60+,F,122.0,78.0,69.0,False,40765542638099224900146920412389426314
966454bfe862cadd4d2c60e26ec99612104e66b5f3b6d28c851f406beb16b9dc,208,70,60+,F,121.0,75.0,103.0,False,40765542638099224900146920412389426314
966454bfe862cadd4d2c60e26ec99612104e66b5f3b6d28c851f406beb16b9dc,209,70,60+,F,121.0,76.0,63.0,False,40765542638099224900146920412389426314
966454bfe862cadd4d2c60e26ec99612104e66b5f3b6d28c851f406beb16b9dc,210,70,60+,F,113.0,73.0,60.0,False,40765542638099224900146920412389426314
e7296e38641165eb9a4d02aa9d7fa526417cb1e16c1c664a7d04890e34a7a610,211,42,40-59,M,142.0,68.0,78.0,True,115834620598958075914719321676985046955
e7296e38641165eb9a4d02aa9d7fa526417cb1e16c1c664a7d04890e34a7a610,212,42,40-59,M,140.0,74.0,67.0,True,115834620598958075914719321676985046955
e7296e38641165eb9a4d02aa9d7fa526417cb1e16c1c664a7d04890e34a7a610,213,42,40-59,M,132.0,71.0,79.0,False,115834620598958075914719321676985046955
e7296e38641165eb9a4d02aa9d7fa526417cb1e16c1c664a7d04890e34a7a610,214,42,40-59,M,145.0,73.0,68.0,True,115834620598958075914719321676985046955
e7296e38641165eb9a4d02aa9d7fa526417cb1e16c1c664a7d04890e34a7a610,215,42,40-59,M,144.0,69.0,76.0,True,115834620598958075914719321676985046955
c4c2a2f259d89492688cbf1cd3413c9272ecef0b42d7934122a544179d2baf85,216,27,18-39,M,118.0,93.0,87.0,True,23455820004882777377993660611067651129
c4c2a2f259d89492688cbf1cd3413c9272ecef0b42d7934122a544179d2baf85,217,27,18-39,M,130.0,93.0,105.0,True,23455820004882777377993660611067651129
c4c2a2f259d89492688cbf1cd3413c9272ecef0b42d7934122a544179d2baf85,218,27,18-39,M,120.0,84.0,72.0,False,23455820004882777377993660611067651129
c4c2a2f259d89492688cbf1cd3413c9272ecef0b42d7934122a544179d2baf85,219,27,18-39,M,121.0,89.0,80.0,False,23455820004882777377993660611067651129
c4c2a2f259d89492688cbf1cd3413c9272ecef0b42d7934122a544179d2baf85,220,27,18-39,M,128.0,89.0,74.0,False,23455820004882777377993660611067651129
f41edd007f8aab2c6e9854faca599b6db0f7d373297403ca11cc2747b49b6252,221,22,18-39,F,114.0,96.0,86.0,True,112891730596551775294640390705641721659
f41edd007f8aab2c6e9854faca599b6db0f7d373297403ca11cc2747b49b6252,222,22,18-39,F,102.0,88.0,80.0,False,112891730596551775294640390705641721659
f41edd007f8aab2c6e9854faca599b6db0f7d373297403ca11cc2747b49b6252,223,22,18-39,F,115.0,94.0,83.0,True,112891730596551775294640390705641721659
f41edd007f8aab2c6e9854faca599b6db0f7d373297403ca11cc2747b49b6252,224,22,18-39,F,106.0,88.0,69.0,False,112891730596551775294640390705641721659
f41edd007f8aab2c6e9854faca599b6db0f7d373297403ca11cc2747b49b6252,225,22,18-39,F,103.0,89.0,88.0,False,112891730596551775294640390705641721659
8c681c9e9de70d49f5a990d731f3b4ca03e72b6908e0bb00a3d3f16a23e6faef,226,33,18-39,M,102.0,64.0,69.0,False,38178628589312975175555510736406013930
8c681c9e9de70d49f5a990d731f3b4ca03e72b6908e0bb00a3d3f16a23e6faef,227,33,18-39,M,103.0,72.0,100.0,False,38178628589312975175555510736406013930
8c681c9e9de70d49f5a990d731f3b4ca03e72b6908e0bb00a3d3f16a23e6faef,228,33,18-39,M,111.0,64.0,95.0,False,38178628589312975175555510736406013930
8c681c9e9de70d49f5a990d731f3b4ca03e72b6908e0bb00a3d3f16a23e6faef,229,33,18-39,M,110.0,70.0,95.0,False,38178628589312975175555510736406013930
8c681c9e9de70d49f5a990d731f3b4ca03e72b6908e0bb00a3d3f16a23e6faef,230,33,18-39,M,115.0,63.0,61.0,False,38178628589312975175555510736406013930
10a5251f270d85b5ecb069ee22180fb817732fd0af245428df58026fe58f1c01,231,29,18-39,M,142.0,76.0,69.0,True,121811786014778397723504727188543886566
10a5251f270d85b5ecb069ee22180fb817732fd0af245428df58026fe58f1c01,232,29,18-39,M,130.0,72.0,89.0,False,121811786014778397723504727188543886566
10a5251f270d85b5ecb069ee22180fb817732fd0af245428df58026fe58f1c01,233,29,18-39,M,139.0,79.0,72.0,False,121811786014778397723504727188543886566
10a5251f270d85b5ecb069ee22180fb817732fd0af245428df58026fe58f1c01,234,29,18-39,M,140.0,82.0,70.0,True,121811786014778397723504727188543886566
10a5251f270d85b5ecb069ee22180fb817732fd0af245428df58026fe58f1c01,235,29,18-39,M,145.0,80.0,70.0,True,121811786014778397723504727188543886566
703ebd4ebc37ec2bf9900c5687f504552a195044dc32810248aabb7b1fff42fb,236,51,40-59,F,124.0,79.0,67.0,False,145405776425329401902040730703114944989
703ebd4ebc37ec2bf9900c5687f504552a195044dc32810248aabb7b1fff42fb,237,51,40-59,F,138.0,89.0,96.0,False,145405776425329401902040730703114944989
703ebd4ebc37ec2bf9900c5687f504552a195044dc32810248aabb7b1fff42fb,238,51,40-59,F,136.0,80.0,71.0,False,145405776425329401902040730703114944989
703ebd4ebc37ec2bf9900c5687f504552a195044dc32810248aabb7b1fff42fb,239,51,40-59,F,130.0,89.0,82.0,False,145405776425329401902040730703114944989
703ebd4ebc37ec2bf9900c5687f504552a195044dc32810248aabb7b1fff42fb,240,51,40-59,F,134.0,82.0,86.0,False,145405776425329401902040730703114944989
76cfddd2b6dbc4785dc8203353dd3ffc9a46a77d978ca0d64de5f4ed371a2a64,241,24,18-39,M,153.0,96.0,80.0,True,28950760052393881639092164915194615365
76cfddd2b6dbc4785dc8203353dd3ffc9a46a77d978ca0d64de5f4ed371a2a64,242,24,18-39,M,148.0,86.0,73.0,True,28950760052393881639092164915194615365
76cfddd2b6dbc4785dc8203353dd3ffc9a46a77d978ca0d64de5f4ed371a2a64,243,24,18-39,M,158.0,87.0,68.0,True,28950760052393881639092164915194615365
76cfddd2b6dbc4785dc8203353dd3ffc9a46a77d978ca0d64de5f4ed371a2a64,244,24,18-39,M,157.0,89.0,74.0,True,28950760052393881639092164915194615365
76cfddd2b6dbc4785dc8203353dd3ffc9a46a77d978ca0d64de5f4ed371a2a64,245,24,18-39,M,148.0,89.0,84.0,True,28950760052393881639092164915194615365
a399518f8df4cd576575efd0909ea3ce127c813a7ca031a3ba7a3e941f67a016,246,48,40-59,M,148.0,87.0,86.0,True,84751426217629141158777627095494325579
a399518f8df4cd576575efd0909ea3ce127c813a7ca031a3ba7a3e941f67a016,247,48,40-59,M,150.0,81.0,86.0,True,84751426217629141158777627095494325579
a399518f8df4cd576575efd0909ea3ce127c813a7ca031a3ba7a3e941f67a016,248,48,40-59,M,158.0,88.0,58.0,True,84751426217629141158777627095494325579
a399518f8df4cd576575efd0909ea3ce127c813a7ca031a3ba7a3e941f67a016,249,48,40-59,M,149.0,84.0,58.0,True,84751426217629141158777627095494325579
a399518f8df4cd576575efd0909ea3ce127c813a7ca031a3ba7a3e941f67a016,250,48,40-59,M,151.0,78.0,93.0,True,84751426217629141158777627095494325579
1d36a002abece7e410217882022c0d62af40f01eb4e6888632ff33b4ea73eda4,251,38,18-39,M,105.0,69.0,83.0,False,86852163893452491205419139124155003461
1d36a002abece7e410217882022c0d62af40f01eb4e6888632ff33b4ea73eda4,252,38,18-39,M,110.0,64.0,60.0,False,86852163893452491205419139124155003461
1d36a002abece7e410217882022c0d62af40f01eb4e6888632ff33b4ea73eda4,253,38,18-39,M,105.0,68.0,67.0,False,86852163893452491205419139124155003461
1d36a002abece7e410217882022c0d62af40f01eb4e6888632ff33b4ea73eda4,254,38,18-39,M,105.0,73.0,88.0,False,86852163893452491205419139124155003461
1d36a002abece7e410217882022c0d62af40f01eb4e6888632ff33b4ea73eda4,255,38,18-39,M,114.0,63.0,74.0,False,86852163893452491205419139124155003461
f71feccf9f16abe1a90f1961038c4f10e7f721a0b3fa92764601d847ed96ea18,256,68,60+,M,123.0,89.0,55.0,False,54507056171927010450112452924015550424
f71feccf9f16abe1a90f1961038c4f10e7f721a0b3fa92764601d847ed96ea18,257,68,60+,M,120.0,92.0,60.0,True,54507056171927010450112452924015550424
f71feccf9f16abe1a90f1961038c4f10e7f721a0b3fa92764601d847ed96ea18,258,68,60+,M,129.0,94.0,62.0,True,54507056171927010450112452924015550424
f71feccf9f16abe1a90f1961038c4f10e7f721a0b3fa92764601d847ed96ea18,259,68,60+,M,124.0,94.0,77.0,True,54507056171927010450112452924015550424
f71feccf9f16abe1a90f1961038c4f10e7f721a0b3fa92764601d847ed96ea18,260,68,60+,M,127.0,94.0,60.0,True,54507056171927010450112452924015550424
072e997aee85911f74212ff679c7cc93495807ef73d23e238257c9f835d69c75,261,26,18-39,M,123.0,86.0,75.0,False,123250714000583167462858485709356155150
072e997aee85911f74212ff679c7cc93495807ef73d23e238257c9f835d69c75,262,26,18-39,M,120.0,90.0,56.0,True,123250714000583167462858485709356155150
072e997aee85911f74212ff679c7cc93495807ef73d23e238257c9f835d69c75,263,26,18-39,M,122.0,86.0,95.0,False,123250714000583167462858485709356155150
072e997aee85911f74212ff679c7cc93495807ef73d23e238257c9f835d69c75,264,26,18-39,M,121.0,83.0,79.0,False,123250714000583167462858485709356155150
072e997aee85911f74212ff679c7cc93495807ef73d23e238257c9f835d69c75,265,26,18-39,M,110.0,90.0,59.0,True,123250714000583167462858485709356155150
5a28549de23cc3702e3fc9bb6876a10554d9ae4891753459ab741842a2722c0d,266,27,18-39,M,119.0,69.0,72.0,False,111987017638637526115464445091874096739
5a28549de23cc3702e3fc9bb6876a10554d9ae4891753459ab741842a2722c0d,267,27,18-39,M,119.0,73.0,57.0,False,111987017638637526115464445091874096739
5a28549de23cc3702e3fc9bb6876a10554d9ae4891753459ab741842a2722c0d,268,27,18-39,M,117.0,69.0,72.0,False,111987017638637526115464445091874096739
5a28549de23cc3702e3fc9bb6876a10554d9ae4891753459ab741842a2722c0d,269,27,18-39,M,118.0,64.0,101.0,False,111987017638637526115464445091874096739
5a28549de23cc3702e3fc9bb6876a10554d9ae4891753459ab741842a2722c0d,270,27,18-39,M,111.0,64.0,69.0,False,111987017638637526115464445091874096739
30edfaad5cd957018c216ebe3948d90c80834e93c1216fbd7c413d45cb99ae29,271,33,18-39,M,154.0,93.0,82.0,True,40855453539962185035675456735092550575
30edfaad5cd957018c216ebe3948d90c80834e93c1216fbd7c413d45cb99ae29,272,33,18-39,M,157.0,91.0,86.0,True,40855453539962185035675456735092550575
30edfaad5cd957018c216ebe3948d90c80834e93c1216fbd7c413d45cb99ae29,273,33,18-39,M,147.0,89.0,102.0,True,40855453539962185035675456735092550575
30edfaad5cd957018c216ebe3948d90c80834e93c1216fbd7c413d45cb99ae29,274,33,18-39,M,151.0,91.0,93.0,True,40855453539962185035675456735092550575
30edfaad5cd957018c216ebe3948d90c80834e93c1216fbd7c413d45cb99ae29,275,33,18-39,M,149.0,94.0,75.0,True,40855453539962185035675456735092550575
d1c9b8c8314f85d00eda57f388bb712243e311cd05fc2833c44be77b80fdfab7,276,78,60+,M,163.0,68.0,80.0,True,97615893735804755098805526235334673650
d1c9b8c8314f85d00eda57f388bb712243e311cd05fc2833c44be77b80fdfab7,277,78,60+,M,152.0,68.0,81.0,True,97615893735804755098805526235334673650
d1c9b8c8314f85d00eda57f388bb712243e311cd05fc2833c44be77b80fdfab7,278,78,60+,M,149.0,75.0,57.0,True,97615893735804755098805526235334673650
d1c9b8c8314f85d00eda57f388bb712243e311cd05fc2833c44be77b80fdfab7,279,78,60+,M,162.0,73.0,89.0,True,97615893735804755098805526235334673650
d1c9b8c8314f85d00eda57f388bb712243e311cd05fc2833c44be77b80fdfab7,280,78,60+,M,157.0,67.0,82.0,True,97615893735804755098805526235334673650
d273a4c87753027f98ef16a554ed821570a690023a9e9f8867f19bf294fb8e2d,281,33,18-39,F,119.0,66.0,81.0,False,28527302500214938599155145078785023548
d273a4c87753027f98ef16a554ed821570a690023a9e9f8867f19bf294fb8e2d,282,33,18-39,F,128.0,72.0,66.0,False,28527302500214938599155145078785023548
d273a4c87753027f98ef16a554ed821570a690023a9e9f8867f19bf294fb8e2d,283,33,18-39,F,120.0,67.0,81.0,False,28527302500214938599155145078785023548
d273a4c87753027f98ef16a554ed821570a690023a9e9f8867f19bf294fb8e2d,284,33,18-39,F,127.0,74.0,98.0,False,28527302500214938599155145078785023548
d273a4c87753027f98ef16a554ed821570a690023a9e9f8867f19bf294fb8e2d,285,33,18-39,F,120.0,73.0,104.0,False,28527302500214938599155145078785023548
005385ffa3cbc84f4b76521014ae0b9570f1507e93f7a8865119290454b24752,286,35,18-39,M,123.0,82.0,71.0,False,54064914319199937250432616109571073458
005385ffa3cbc84f4b76521014ae0b9570f1507e93f7a8865119290454b24752,287,35,18-39,M,123.0,80.0,83.0,False,54064914319199937250432616109571073458
005385ffa3cbc84f4b76521014ae0b9570f1507e93f7a8865119290454b24752,288,35,18-39,M,122.0,79.0,70.0,False,54064914319199937250432616109571073458
005385ffa3cbc84f4b76521014ae0b9570f1507e93f7a8865119290454b24752,289,35,18-39,M,122.0,79.0,73.0,False,54064914319199937250432616109571073458
005385ffa3cbc84f4b76521014ae0b9570f1507e93f7a8865119290454b24752,290,35,18-39,M,121.0,82.0,59.0,False,54064914319199937250432616109571073458
907b09d1e2bc733d7094e6dfb67b8fa01049f8806a6cd89f93c9ca5820c5be80,291,70,60+,M,128.0,95.0,96.0,True,103406240511811728165409898233309134837
907b09d1e2bc733d7094e6dfb67b8fa01049f8806a6cd89f93c9ca5820c5be80,292,70,60+,M,115.0,102.0,84.0,True,103406240511811728165409898233309134837
907b09d1e2bc733d7094e6dfb67b8fa01049f8806a6cd89f93c9ca5820c5be80,293,70,60+,M,113.0,93.0,55.0,True,103406240511811728165409898233309134837
907b09d1e2bc733d7094e6dfb67b8fa01049f8806a6cd89f93c9ca5820c5be80,294,70,60+,M,127.0,95.0,83.0,True,103406240511811728165409898233309134837
907b09d1e2bc733d7094e6dfb67b8fa01049f8806a6cd89f93c9ca5820c5be80,295,70,60+,M,123.0,92.0,73.0,True,103406240511811728165409898233309134837
a8f4ba3411fcabb5aaddcd6d3fceff437e9f434ad3ccc1accf38b10951005f5f,296,49,40-59,F,106.0,73.0,78.0,False,24148356436654589979945179104740143228
a8f4ba3411fcabb5aaddcd6d3fceff437e9f434ad3ccc1accf38b10951005f5f,297,49,40-59,F,116.0,74.0,83.0,False,24148356436654589979945179104740143228
a8f4ba3411fcabb5aaddcd6d3fceff437e9f434ad3ccc1accf38b10951005f5f,298,49,40-59,F,108.0,82.0,55.0,False,24148356436654589979945179104740143228
a8f4ba3411fcabb5aaddcd6d3fceff437e9f434ad3ccc1accf38b10951005f5f,299,49,40-59,F,103.0,82.0,93.0,False,24148356436654589979945179104740143228
a8f4ba3411fcabb5aaddcd6d3fceff437e9f434ad3ccc1accf38b10951005f5f,300,49,40-59,F,111.0,75.0,57.0,False,24148356436654589979945179104740143228
f65d318c4f00bf72a31b6d9210913610c0a6a2a957d3767483af701b571c0ec0,301,67,60+,M,112.0,66.0,57.0,False,96051507400326580823117875367329067378
f65d318c4f00bf72a31b6d9210913610c0a6a2a957d3767483af701b571c0ec0,302,67,60+,M,112.0,62.0,75.0,False,96051507400326580823117875367329067378
f65d318c4f00bf72a31b6d9210913610c0a6a2a957d3767483af701b571c0ec0,303,67,60+,M,119.0,72.0,78.0,False,96051507400326580823117875367329067378
f65d318c4f00bf72a31b6d9210913610c0a6a2a957d3767483af701b571c0ec0,304,67,60+,M,111.0,71.0,74.0,False,96051507400326580823117875367329067378
f65d318c4f00bf72a31b6d9210913610c0a6a2a957d3767483af701b571c0ec0,305,67,60+,M,108.0,65.0,57.0,False,96051507400326580823117875367329067378
0386e44fafb0493e06de26e05b937a2d03248350df0142ee2a09d289f87258ee,306,83,60+,M,104.0,92.0,97.0,True,43448342239374538299289396460214113769
0386e44fafb0493e06de26e05b937a2d03248350df0142ee2a09d289f87258ee,307,83,60+,M,105.0,96.0,89.0,True,43448342239374538299289396460214113769
0386e44fafb0493e06de26e05b937a2d03248350df0142ee2a09d289f87258ee,308,83,60+,M,103.0,96.0,65.0,True,43448342239374538299289396460214113769
0386e44fafb0493e06de26e05b937a2d03248350df0142ee2a09d289f87258ee,309,83,60+,M,113.0,90.0,81.0,True,43448342239374538299289396460214113769
0386e44fafb0493e06de26e05b937a2d03248350df0142ee2a09d289f87258ee,310,83,60+,M,110.0,96.0,74.0,True,43448342239374538299289396460214113769
8f809e2894ebde3a12e2309641c68a68762440aefb6438c656a6097dd422cbd5,311,73,60+,F,129.0,88.0,56.0,False,165046709490694713739884444305462837011
8f809e2894ebde3a12e2309641c68a68762440aefb6438c656a6097dd422cbd5,312,73,60+,F,127.0,92.0,67.0,True,165046709490694713739884444305462837011
8f809e2894ebde3a12e2309641c68a68762440aefb6438c656a6097dd422cbd5,313,73,60+,F,128.0,88.0,68.0,False,165046709490694713739884444305462837011
8f809e2894ebde3a12e2309641c68a68762440aefb6438c656a6097dd422cbd5,314,73,60+,F,116.0,88.0,65.0,False,165046709490694713739884444305462837011
8f809e2894ebde3a12e2309641c68a68762440aefb6438c656a6097dd422cbd5,315,73,60+,F,129.0,83.0,60.0,False,165046709490694713739884444305462837011
56caa223ce4fbdd4b8c3df4b1649f581f65afefec7121c79b7b57793732ade1e,316,71,60+,M,130.0,70.0,58.0,False,77867932846346585297709556145114231206
56caa223ce4fbdd4b8c3df4b1649f581f65afefec7121c79b7b57793732ade1e,317,71,60+,M,130.0,80.0,80.0,False,77867932846346585297709556145114231206
56caa223ce4fbdd4b8c3df4b1649f581f65afefec7121c79b7b57793732ade1e,318,71,60+,M,128.0,79.0,94.0,False,77867932846346585297709556145114231206
56caa223ce4fbdd4b8c3df4b1649f581f65afefec7121c79b7b57793732ade1e,319,71,60+,M,137.0,78.0,65.0,False,77867932846346585297709556145114231206
56caa223ce4fbdd4b8c3df4b1649f581f65afefec7121c79b7b57793732ade1e,320,71,60+,M,130.0,75.0,73.0,False,77867932846346585297709556145114231206
fefbf0b33fa70911b54a655de8fa69536fbd1b97e2cc57af6fefb49c4fe0aefd,321,40,40-59,F,113.0,73.0,103.0,False,46790011326028801626364686927529922501
fefbf0b33fa70911b54a655de8fa69536fbd1b97e2cc57af6fefb49c4fe0aefd,322,40,40-59,F,107.0,70.0,63.0,False,46790011326028801626364686927529922501
fefbf0b33fa70911b54a655de8fa69536fbd1b97e2cc57af6fefb49c4fe0aefd,323,40,40-59,F,102.0,73.0,75.0,False,46790011326028801626364686927529922501
fefbf0b33fa70911b54a655de8fa69536fbd1b97e2cc57af6fefb49c4fe0aefd,324,40,40-59,F,102.0,75.0,95.0,False,46790011326028801626364686927529922501
fefbf0b33fa70911b54a655de8fa69536fbd1b97e2cc57af6fefb49c4fe0aefd,325,40,40-59,F,113.0,67.0,100.0,False,46790011326028801626364686927529922501
57ebbcf1292268ab1a57c2c27df28b69d82d8af2487455b48e76e9c995ed09ba,326,40,40-59,F,142.0,92.0,66.0,True,23058525488839307678158392671640927161
57ebbcf1292268ab1a57c2c27df28b69d82d8af2487455b48e76e9c995ed09ba,327,40,40-59,F,142.0,85.0,80.0,True,23058525488839307678158392671640927161
57ebbcf1292268ab1a57c2c27df28b69d82d8af2487455b48e76e9c995ed09ba,328,40,40-59,F,152.0,87.0,79.0,True,23058525488839307678158392671640927161
57ebbcf1292268ab1a57c2c27df28b69d82d8af2487455b48e76e9c995ed09ba,329,40,40-59,F,147.0,86.0,64.0,True,23058525488839307678158392671640927161
57ebbcf1292268ab1a57c2c27df28b69d82d8af2487455b48e76e9c995ed09ba,330,40,40-59,F,143.0,88.0,57.0,True,23058525488839307678158392671640927161
701942bc7e728d0f0ba2bc8b74f184ba81c1df10e3d3b5182eb8961cfcde9ff2,331,24,18-39,M,118.0,92.0,95.0,True,140467870208809390568134462701884026528
701942bc7e728d0f0ba2bc8b74f184ba81c1df10e3d3b5182eb8961cfcde9ff2,332,24,18-39,M,113.0,94.0,81.0,True,140467870208809390568134462701884026528
701942bc7e728d0f0ba2bc8b74f184ba81c1df10e3d3b5182eb8961cfcde9ff2,333,24,18-39,M,113.0,93.0,70.0,True,140467870208809390568134462701884026528
701942bc7e728d0f0ba2bc8b74f184ba81c1df10e3d3b5182eb8961cfcde9ff2,334,24,18-39,M,117.0,90.0,97.0,True,140467870208809390568134462701884026528
701942bc7e728d0f0ba2bc8b74f184ba81c1df10e3d3b5182eb8961cfcde9ff2,335,24,18-39,M,115.0,91.0,87.0,True,140467870208809390568134462701884026528
99edd57cb22b563d8316433a1f733e6e090adcec2041b1d75d64feea5728cb61,336,76,60+,F,113.0,67.0,70.0,False,5636541576667197131316629779519461469
99edd57cb22b563d8316433a1f733e6e090adcec2041b1d75d64feea5728cb61,337,76,60+,F,112.0,69.0,104.0,False,5636541576667197131316629779519461469
99edd57cb22b563d8316433a1f733e6e090adcec2041b1d75d64feea5728cb61,338,76,60+,F,112.0,62.0,85.0,False,5636541576667197131316629779519461469
99edd57cb22b563d8316433a1f733e6e090adcec2041b1d75d64feea5728cb61,339,76,60+,F,110.0,61.0,59.0,False,5636541576667197131316629779519461469
99edd57cb22b563d8316433a1f733e6e090adcec2041b1d75d64feea5728cb61,340,76,60+,F,102.0,65.0,82.0,False,5636541576667197131316629779519461469
53dcca6585ba9e9659a373622a5bda9afe49d1e81f96c0e17a1d10100f2e3ef2,341,66,60+,F,141.0,102.0,57.0,True,118428842214997422384205671119058457799
53dcca6585ba9e9659a373622a5bda9afe49d1e81f96c0e17a1d10100f2e3ef2,342,66,60+,F,126.0,102.0,63.0,True,118428842214997422384205671119058457799
53dcca6585ba9e9659a373622a5bda9afe49d1e81f96c0e17a1d10100f2e3ef2,343,66,60+,F,127.0,97.0,104.0,True,118428842214997422384205671119058457799
53dcca6585ba9e9659a373622a5bda9afe49d1e81f96c0e17a1d10100f2e3ef2,344,66,60+,F,141.0,93.0,58.0,True,118428842214997422384205671119058457799
53dcca6585ba9e9659a373622a5bda9afe49d1e81f96c0e17a1d10100f2e3ef2,345,66,60+,F,141.0,98.0,96.0,True,118428842214997422384205671119058457799
53455475dd5ef687c3e64956ac67f8df8e75a18acf7c870b176fe50842243b52,346,37,18-39,F,107.0,69.0,86.0,False,92661543403971440909407417661060619622
53455475dd5ef687c3e64956ac67f8df8e75a18acf7c870b176fe50842243b52,347,37,18-39,F,110.0,69.0,98.0,False,92661543403971440909407417661060619622
53455475dd5ef687c3e64956ac67f8df8e75a18acf7c870b176fe50842243b52,348,37,18-39,F,108.0,68.0,77.0,False,92661543403971440909407417661060619622
53455475dd5ef687c3e64956ac67f8df8e75a18acf7c870b176fe50842243b52,349,37,18-39,F,109.0,69.0,75.0,False,92661543403971440909407417661060619622
53455475dd5ef687c3e64956ac67f8df8e75a18acf7c870b176fe50842243b52,350,37,18-39,F,109.0,74.0,64.0,False,92661543403971440909407417661060619622
302dd4d3975b5575a93e2e061d09eabf35539b3914aca933e6ed43ea29d4497b,351,52,40-59,M,126.0,79.0,75.0,False,124044061950201019895772427572658119798
302dd4d3975b5575a93e2e061d09eabf35539b3914aca933e6ed43ea29d4497b,352,52,40-59,M,121.0,76.0,67.0,False,124044061950201019895772427572658119798
302dd4d3975b5575a93e2e061d09eabf35539b3914aca933e6ed43ea29d4497b,353,52,40-59,M,115.0,82.0,65.0,False,124044061950201019895772427572658119798
302dd4d3975b5575a93e2e061d09eabf35539b3914aca933e6ed43ea29d4497b,354,52,40-59,M,118.0,86.0,75.0,False,124044061950201019895772427572658119798
302dd4d3975b5575a93e2e061d09eabf35539b3914aca933e6ed43ea29d4497b,355,52,40-59,M,122.0,78.0,105.0,False,124044061950201019895772427572658119798
e3ac26a2786b9099b08f293d425ae6dd6af681e532b8f83fdecbe63a71cb7622,356,53,40-59,F,147.0,103.0,78.0,True,58288738544964255244124075575903580102
e3ac26a2786b9099b08f293d425ae6dd6af681e532b8f83fdecbe63a71cb7622,357,53,40-59,F,160.0,101.0,88.0,True,58288738544964255244124075575903580102
e3ac26a2786b9099b08f293d425ae6dd6af681e532b8f83fdecbe63a71cb7622,358,53,40-59,F,149.0,97.0,89.0,True,58288738544964255244124075575903580102
e3ac26a2786b9099b08f293d425ae6dd6af681e532b8f83fdecbe63a71cb7622,359,53,40-59,F,158.0,98.0,71.0,True,58288738544964255244124075575903580102
e3ac26a2786b9099b08f293d425ae6dd6af681e532b8f83fdecbe63a71cb7622,360,53,40-59,F,158.0,98.0,91.0,True,58288738544964255244124075575903580102
ca636a75f0417fe36a8361482e97d6a831e2f0bc9d0527f2412c281d1a4ecfdd,361,38,18-39,M,132.0,68.0,66.0,False,116027352640861700876176504179521406396
ca636a75f0417fe36a8361482e97d6a831e2f0bc9d0527f2412c281d1a4ecfdd,362,38,18-39,M,119.0,69.0,88.0,False,116027352640861700876176504179521406396
ca636a75f0417fe36a8361482e97d6a831e2f0bc9d0527f2412c281d1a4ecfdd,363,38,18-39,M,126.0,69.0,95.0,False,116027352640861700876176504179521406396
ca636a75f0417fe36a8361482e97d6a831e2f0bc9d0527f2412c281d1a4ecfdd,364,38,18-39,M,128.0,65.0,102.0,False,116027352640861700876176504179521406396
ca636a75f0417fe36a8361482e97d6a831e2f0bc9d0527f2412c281d1a4ecfdd,365,38,18-39,M,119.0,68.0,64.0,False,116027352640861700876176504179521406396
f89bf6edbe0b0c3134b3dd4de5ba636c68acc1a24a979c6b5203fd0aff7ed272,366,57,40-59,M,134.0,92.0,63.0,True,97744469661989163663802577733166257041
f89bf6edbe0b0c3134b3dd4de5ba636c68acc1a24a979c6b5203fd0aff7ed272,367,57,40-59,M,138.0,95.0,94.0,True,97744469661989163663802577733166257041
f89bf6edbe0b0c3134b3dd4de5ba636c68acc1a24a979c6b5203fd0aff7ed272,368,57,40-59,M,124.0,92.0,58.0,True,97744469661989163663802577733166257041
f89bf6edbe0b0c3134b3dd4de5ba636c68acc1a24a979c6b5203fd0aff7ed272,369,57,40-59,M,123.0,101.0,77.0,True,97744469661989163663802577733166257041
f89bf6edbe0b0c3134b3dd4de5ba636c68acc1a24a979c6b5203fd0aff7ed272,370,57,40-59,M,132.0,93.0,88.0,True,97744469661989163663802577733166257041
3f4ba0390a0bca30e1d794b626e1886681fbea0126e9befd3e2f34c920bde64a,371,65,60+,F,127.0,82.0,78.0,False,42948777595568210194902531889168121070
3f4ba0390a0bca30e1d794b626e1886681fbea0126e9befd3e2f34c920bde64a,372,65,60+,F,138.0,81.0,63.0,False,42948777595568210194902531889168121070
3f4ba0390a0bca30e1d794b626e1886681fbea0126e9befd3e2f34c920bde64a,373,65,60+,F,123.0,82.0,100.0,False,42948777595568210194902531889168121070
3f4ba0390a0bca30e1d794b626e1886681fbea0126e9befd3e2f34c920bde64a,374,65,60+,F,127.0,86.0,61.0,False,42948777595568210194902531889168121070
3f4ba0390a0bca30e1d794b626e1886681fbea0126e9befd3e2f34c920bde64a,375,65,60+,F,125.0,89.0,64.0,False,42948777595568210194902531889168121070
3f2394edb5c5533bd0afb81cf0c5b3bf307ed65d1bc3cea3e8df9a50ba224619,376,54,40-59,M,114.0,70.0,90.0,False,14034001664479399287490585976112486678
3f2394edb5c5533bd0afb81cf0c5b3bf307ed65d1bc3cea3e8df9a50ba224619,377,54,40-59,M,124.0,69.0,96.0,False,14034001664479399287490585976112486678
3f2394edb5c5533bd0afb81cf0c5b3bf307ed65d1bc3cea3e8df9a50ba224619,378,54,40-59,M,127.0,69.0,88.0,False,14034001664479399287490585976112486678
3f2394edb5c5533bd0afb81cf0c5b3bf307ed65d1bc3cea3e8df9a50ba224619,379,54,40-59,M,128.0,63.0,65.0,False,14034001664479399287490585976112486678
3f2394edb5c5533bd0afb81cf0c5b3bf307ed65d1bc3cea3e8df9a50ba224619,380,54,40-59,M,113.0,60.0,58.0,False,14034001664479399287490585976112486678
dbf08623e32b0706fc15183d8f5052bf3e3d2b0fe6b08917df0547fa42dc9a9e,381,23,18-39,M,113.0,75.0,104.0,False,109991342224711910490486490541428303789
dbf08623e32b0706fc15183d8f5052bf3e3d2b0fe6b08917df0547fa42dc9a9e,382,23,18-39,M,111.0,75.0,94.0,False,109991342224711910490486490541428303789
dbf08623e32b0706fc15183d8f5052bf3e3d2b0fe6b08917df0547fa42dc9a9e,383,23,18-39,M,114.0,77.0,81.0,False,109991342224711910490486490541428303789
dbf08623e32b0706fc15183d8f5052bf3e3d2b0fe6b08917df0547fa42dc9a9e,384,23,18-39,M,114.0,83.0,93.0,False,109991342224711910490486490541428303789
dbf08623e32b0706fc15183d8f5052bf3e3d2b0fe6b08917df0547fa42dc9a9e,385,23,18-39,M,124.0,85.0,96.0,False,109991342224711910490486490541428303789
6ab9b899b5edc8fc9109d36baa1864db71a9eb3a1f9eae85feb0bc665b9b0a5a,386,73,60+,F,131.0,83.0,95.0,False,103127111717272594498203161971743242454
6ab9b899b5edc8fc9109d36baa1864db71a9eb3a1f9eae85feb0bc665b9b0a5a,387,73,60+,F,130.0,86.0,100.0,False,103127111717272594498203161971743242454
6ab9b899b5edc8fc9109d36baa1864db71a9eb3a1f9eae85feb0bc665b9b0a5a,388,73,60+,F,129.0,85.0,82.0,False,103127111717272594498203161971743242454
6ab9b899b5edc8fc9109d36baa1864db71a9eb3a1f9eae85feb0bc665b9b0a5a,389,73,60+,F,143.0,80.0,102.0,True,103127111717272594498203161971743242454
6ab9b899b5edc8fc9109d36baa1864db71a9eb3a1f9eae85feb0bc665b9b0a5a,390,73,60+,F,143.0,81.0,69.0,True,103127111717272594498203161971743242454
e0242a3485e049c25da5f7071573b8636bfde7eaeef3d108ded92304d7080d48,391,33,18-39,M,114.0,67.0,102.0,False,31536833978248385780049845926717504579
e0242a3485e049c25da5f7071573b8636bfde7eaeef3d108ded92304d7080d48,392,33,18-39,M,119.0,62.0,72.0,False,31536833978248385780049845926717504579
e0242a3485e049c25da5f7071573b8636bfde7eaeef3d108ded92304d7080d48,393,33,18-39,M,124.0,72.0,105.0,False,31536833978248385780049845926717504579
e0242a3485e049c25da5f7071573b8636bfde7eaeef3d108ded92304d7080d48,394,33,18-39,M,127.0,66.0,73.0,False,31536833978248385780049845926717504579
e0242a3485e049c25da5f7071573b8636bfde7eaeef3d108ded92304d7080d48,395,33,18-39,M,117.0,63.0,87.0,False,31536833978248385780049845926717504579
912e644f775b2578536f5e9d1b3b8bade702c607096517af15a422df12cfea6c,396,21,18-39,F,119.0,77.0,102.0,False,114150281506418604384796129973903395901
912e644f775b2578536f5e9d1b3b8bade702c607096517af15a422df12cfea6c,397,21,18-39,F,123.0,78.0,79.0,False,114150281506418604384796129973903395901
912e644f775b2578536f5e9d1b3b8bade702c607096517af15a422df12cfea6c,398,21,18-39,F,123.0,84.0,70.0,False,114150281506418604384796129973903395901
912e644f775b2578536f5e9d1b3b8bade702c607096517af15a422df12cfea6c,399,21,18-39,F,125.0,85.0,99.0,False,114150281506418604384796129973903395901
912e644f775b2578536f5e9d1b3b8bade702c607096517af15a422df12cfea6c,400,21,18-39,F,128.0,82.0,88.0,False,114150281506418604384796129973903395901
f1247fb4b6a6e8ca83f659076ccb2d08d87e751652c76c7df0f9570189c4ac95,401,20,18-39,F,133.0,77.0,80.0,False,71189408772834643946645678967747013498
f1247fb4b6a6e8ca83f659076ccb2d08d87e751652c76c7df0f9570189c4ac95,402,20,18-39,F,126.0,83.0,65.0,False,71189408772834643946645678967747013498
f1247fb4b6a6e8ca83f659076ccb2d08d87e751652c76c7df0f9570189c4ac95,403,20,18-39,F,128.0,74.0,56.0,False,71189408772834643946645678967747013498
f1247fb4b6a6e8ca83f659076ccb2d08d87e751652c76c7df0f9570189c4ac95,404,20,18-39,F,127.0,75.0,94.0,False,71189408772834643946645678967747013498
f1247fb4b6a6e8ca83f659076ccb2d08d87e751652c76c7df0f9570189c4ac95,405,20,18-39,F,129.0,79.0,64.0,False,71189408772834643946645678967747013498
3ef47c40572a49cf1361a728e5da7bdb7b8720f31449f7ead04cfd7b6d5edd63,406,23,18-39,F,100.0,69.0,102.0,False,17920454424939622830932069164076067489
3ef47c40572a49cf1361a728e5da7bdb7b8720f31449f7ead04cfd7b6d5edd63,407,23,18-39,F,100.0,69.0,92.0,False,17920454424939622830932069164076067489
3ef47c40572a49cf1361a728e5da7bdb7b8720f31449f7ead04cfd7b6d5edd63,408,23,18-39,F,110.0,71.0,89.0,False,17920454424939622830932069164076067489
3ef47c40572a49cf1361a728e5da7bdb7b8720f31449f7ead04cfd7b6d5edd63,409,23,18-39,F,101.0,74.0,61.0,False,17920454424939622830932069164076067489
3ef47c40572a49cf1361a728e5da7bdb7b8720f31449f7ead04cfd7b6d5edd63,410,23,18-39,F,106.0,71.0,68.0,False,17920454424939622830932069164076067489
2df49cb6e536488d32bbefad1425721a85e866ce1fa4693e635be1585fdf96e2,411,34,18-39,F,108.0,72.0,61.0,False,72970846225891720689378049094134532896
2df49cb6e536488d32bbefad1425721a85e866ce1fa4693e635be1585fdf96e2,412,34,18-39,F,103.0,66.0,105.0,False,72970846225891720689378049094134532896
2df49cb6e536488d32bbefad1425721a85e866ce1fa4693e635be1585fdf96e2,413,34,18-39,F,105.0,69.0,75.0,False,72970846225891720689378049094134532896
2df49cb6e536488d32bbefad1425721a85e866ce1fa4693e635be1585fdf96e2,414,34,18-39,F,109.0,71.0,71.0,False,72970846225891720689378049094134532896
2df49cb6e536488d32bbefad1425721a85e866ce1fa4693e635be1585fdf96e2,415,34,18-39,F,99.0,70.0,71.0,False,72970846225891720689378049094134532896
00f4e8c2652f9fd093319931b77627cd3a70f69142be9dffe2938fa1d6a63831,416,56,40-59,F,152.0,92.0,87.0,True,25418069648919827466029179673836266655
00f4e8c2652f9fd093319931b77627cd3a70f69142be9dffe2938fa1d6a63831,417,56,40-59,F,157.0,87.0,94.0,True,25418069648919827466029179673836266655
00f4e8c2652f9fd093319931b77627cd3a70f69142be9dffe2938fa1d6a63831,418,56,40-59,F,142.0,89.0,56.0,True,25418069648919827466029179673836266655
00f4e8c2652f9fd093319931b77627cd3a70f69142be9dffe2938fa1d6a63831,419,56,40-59,F,155.0,91.0,104.0,True,25418069648919827466029179673836266655
00f4e8c2652f9fd093319931b77627cd3a70f69142be9dffe2938fa1d6a63831,420,56,40-59,F,145.0,88.0,85.0,True,25418069648919827466029179673836266655
bac7e3974e67eaca051c23621f29a23b251427bdfbf69bf5684d6e553b0f1512,421,26,18-39,F,151.0,67.0,82.0,True,54898535532298474988949590265006964189
bac7e3974e67eaca051c23621f29a23b251427bdfbf69bf5684d6e553b0f1512,422,26,18-39,F,142.0,73.0,67.0,True,54898535532298474988949590265006964189
bac7e3974e67eaca051c23621f29a23b251427bdfbf69bf5684d6e553b0f1512,423,26,18-39,F,151.0,65.0,55.0,True,54898535532298474988949590265006964189
bac7e3974e67eaca051c23621f29a23b251427bdfbf69bf5684d6e553b0f1512,424,26,18-39,F,153.0,72.0,61.0,True,54898535532298474988949590265006964189
bac7e3974e67eaca051c23621f29a23b251427bdfbf69bf5684d6e553b0f1512,425,26,18-39,F,157.0,67.0,86.0,True,54898535532298474988949590265006964189
5e4e0bf88727399ec771a3608154af6fb6afb46aa59748805f9ee9c867aca73c,426,64,60+,M,142.0,73.0,99.0,True,107095945125108765702756195798813709813
5e4e0bf88727399ec771a3608154af6fb6afb46aa59748805f9ee9c867aca73c,427,64,60+,M,140.0,77.0,65.0,True,107095945125108765702756195798813709813
5e4e0bf88727399ec771a3608154af6fb6afb46aa59748805f9ee9c867aca73c,428,64,60+,M,136.0,80.0,104.0,False,107095945125108765702756195798813709813
5e4e0bf88727399ec771a3608154af6fb6afb46aa59748805f9ee9c867aca73c,429,64,60+,M,135.0,77.0,105.0,False,107095945125108765702756195798813709813
5e4e0bf88727399ec771a3608154af6fb6afb46aa59748805f9ee9c867aca73c,430,64,60+,M,136.0,80.0,75.0,False,107095945125108765702756195798813709813
fea429283a74e2528bc5acb96ce2907c63e17f4b7709bc8f560dc849c42e28da,431,65,60+,F,124.0,91.0,96.0,True,23008668118198645370597182426626540167
fea429283a74e2528bc5acb96ce2907c63e17f4b7709bc8f560dc849c42e28da,432,65,60+,F,122.0,90.0,68.0,True,23008668118198645370597182426626540167
fea429283a74e2528bc5acb96ce2907c63e17f4b7709bc8f560dc849c42e28da,433,65,60+,F,131.0,89.0,82.0,False,23008668118198645370597182426626540167
fea429283a74e2528bc5acb96ce2907c63e17f4b7709bc8f560dc849c42e28da,434,65,60+,F,138.0,87.0,79.0,False,23008668118198645370597182426626540167
fea429283a74e2528bc5acb96ce2907c63e17f4b7709bc8f560dc849c42e28da,435,65,60+,F,129.0,92.0,63.0,True,23008668118198645370597182426626540167
a4f046f19d8eac6186c0a5f9f372c01748b22ce7a6d7d62cc6d4c1fd0d6aaddd,436,24,18-39,M,150.0,82.0,83.0,True,91350095221129597983618131783050352645
a4f046f19d8eac6186c0a5f9f372c01748b22ce7a6d7d62cc6d4c1fd0d6aaddd,437,24,18-39,M,144.0,82.0,84.0,True,91350095221129597983618131783050352645
a4f046f19d8eac6186c0a5f9f372c01748b22ce7a6d7d62cc6d4c1fd0d6aaddd,438,24,18-39,M,148.0,84.0,92.0,True,91350095221129597983618131783050352645
a4f046f19d8eac6186c0a5f9f372c01748b22ce7a6d7d62cc6d4c1fd0d6aaddd,439,24,18-39,M,141.0,82.0,76.0,True,91350095221129597983618131783050352645
a4f046f19d8eac6186c0a5f9f372c01748b22ce7a6d7d62cc6d4c1fd0d6aaddd,440,24,18-39,M,148.0,90.0,99.0,True,91350095221129597983618131783050352645
aa4d7a3820e6156d732edab6492e0749be1233e9a4a13260b5c6f683f67a8c60,441,50,40-59,F,118.0,81.0,70.0,False,90555167370468131561779082844684804788
aa4d7a3820e6156d732edab6492e0749be1233e9a4a13260b5c6f683f67a8c60,442,50,40-59,F,124.0,88.0,88.0,False,90555167370468131561779082844684804788
aa4d7a3820e6156d732edab6492e0749be1233e9a4a13260b5c6f683f67a8c60,443,50,40-59,F,125.0,81.0,70.0,False,90555167370468131561779082844684804788
aa4d7a3820e6156d732edab6492e0749be1233e9a4a13260b5c6f683f67a8c60,444,50,40-59,F,124.0,82.0,71.0,False,90555167370468131561779082844684804788
aa4d7a3820e6156d732edab6492e0749be1233e9a4a13260b5c6f683f67a8c60,445,50,40-59,F,117.0,81.0,97.0,False,90555167370468131561779082844684804788
5cb628f116566a3fb15d60a53ba2643a169409d2fb4b3feafe29201e83c73200,446,33,18-39,F,125.0,73.0,101.0,False,67549144322641113811393471718710850733
5cb628f116566a3fb15d60a53ba2643a169409d2fb4b3feafe29201e83c73200,447,33,18-39,F,130.0,75.0,72.0,False,67549144322641113811393471718710850733
5cb628f116566a3fb15d60a53ba2643a169409d2fb4b3feafe29201e83c73200,448,33,18-39,F,127.0,70.0,95.0,False,67549144322641113811393471718710850733
5cb628f116566a3fb15d60a53ba2643a169409d2fb4b3feafe29201e83c73200,449,33,18-39,F,124.0,73.0,68.0,False,67549144322641113811393471718710850733
5cb628f116566a3fb15d60a53ba2643a169409d2fb4b3feafe29201e83c73200,450,33,18-39,F,133.0,76.0,57.0,False,67549144322641113811393471718710850733
ef641069c2ba1e7330c0dacc40ddbb9d712d6c91f37befc7ec1217daeffcd6b7,451,21,18-39,M,154.0,95.0,95.0,True,91813483615231389478438965680375094157
ef641069c2ba1e7330c0dacc40ddbb9d712d6c91f37befc7ec1217daeffcd6b7,452,21,18-39,M,156.0,94.0,56.0,True,91813483615231389478438965680375094157
ef641069c2ba1e7330c0dacc40ddbb9d712d6c91f37befc7ec1217daeffcd6b7,453,21,18-39,M,151.0,91.0,93.0,True,91813483615231389478438965680375094157
ef641069c2ba1e7330c0dacc40ddbb9d712d6c91f37befc7ec1217daeffcd6b7,454,21,18-39,M,159.0,87.0,102.0,True,91813483615231389478438965680375094157
ef641069c2ba1e7330c0dacc40ddbb9d712d6c91f37befc7ec1217daeffcd6b7,455,21,18-39,M,154.0,93.0,99.0,True,91813483615231389478438965680375094157
5b7745380bb600582141a614e340716dc9031c6ec186b743fc4093e34d123843,456,73,60+,F,144.0,84.0,62.0,True,81407658725661564202203490782263781624
5b7745380bb600582141a614e340716dc9031c6ec186b743fc4093e34d123843,457,73,60+,F,153.0,80.0,75.0,True,81407658725661564202203490782263781624
5b7745380bb600582141a614e340716dc9031c6ec186b743fc4093e34d123843,458,73,60+,F,147.0,84.0,99.0,True,81407658725661564202203490782263781624
5b7745380bb600582141a614e340716dc9031c6ec186b743fc4093e34d123843,459,73,60+,F,142.0,80.0,70.0,True,81407658725661564202203490782263781624
5b7745380bb600582141a614e340716dc9031c6ec186b743fc4093e34d123843,460,73,60+,F,151.0,84.0,65.0,True,81407658725661564202203490782263781624
1e66a2402afe6b460d79525b9282ab4bed969d60af8256f5feefd8b4236f387d,461,52,40-59,M,127.0,98.0,81.0,True,52553880678627796353965232162007929960
1e66a2402afe6b460d79525b9282ab4bed969d60af8256f5feefd8b4236f387d,462,52,40-59,M,143.0,99.0,97.0,True,52553880678627796353965232162007929960
1e66a2402afe6b460d79525b9282ab4bed969d60af8256f5feefd8b4236f387d,463,52,40-59,M,132.0,99.0,75.0,True,52553880678627796353965232162007929960
1e66a2402afe6b460d79525b9282ab4bed969d60af8256f5feefd8b4236f387d,464,52,40-59,M,127.0,95.0,86.0,True,52553880678627796353965232162007929960
1e66a2402afe6b460d79525b9282ab4bed969d60af8256f5feefd8b4236f387d,465,52,40-59,M,130.0,89.0,71.0,False,52553880678627796353965232162007929960
c3624ff676c36f6d12ffc944ebbc84000b6128ca2fe2a9c0a6ec46eaa44c82ca,466,47,40-59,F,158.0,77.0,61.0,True,41338116500522429605892023577698470702
c3624ff676c36f6d12ffc944ebbc84000b6128ca2fe2a9c0a6ec46eaa44c82ca,467,47,40-59,F,156.0,80.0,68.0,True,41338116500522429605892023577698470702
c3624ff676c36f6d12ffc944ebbc84000b6128ca2fe2a9c0a6ec46eaa44c82ca,468,47,40-59,F,157.0,80.0,56.0,True,41338116500522429605892023577698470702
c3624ff676c36f6d12ffc944ebbc84000b6128ca2fe2a9c0a6ec46eaa44c82ca,469,47,40-59,F,153.0,80.0,76.0,True,41338116500522429605892023577698470702
c3624ff676c36f6d12ffc944ebbc84000b6128ca2fe2a9c0a6ec46eaa44c82ca,470,47,40-59,F,155.0,79.0,68.0,True,41338116500522429605892023577698470702
ad51c9c6f1c4bf87630f18cb71c5e9a7726d2468f0c2fb0f30a80cf335db07f7,471,43,40-59,M,140.0,77.0,58.0,True,73162619482039973353303771770858645258
ad51c9c6f1c4bf87630f18cb71c5e9a7726d2468f0c2fb0f30a80cf335db07f7,472,43,40-59,M,137.0,71.0,79.0,False,73162619482039973353303771770858645258
ad51c9c6f1c4bf87630f18cb71c5e9a7726d2468f0c2fb0f30a80cf335db07f7,473,43,40-59,M,141.0,67.0,55.0,True,73162619482039973353303771770858645258
ad51c9c6f1c4bf87630f18cb71c5e9a7726d2468f0c2fb0f30a80cf335db07f7,474,43,40-59,M,131.0,73.0,81.0,False,73162619482039973353303771770858645258
ad51c9c6f1c4bf87630f18cb71c5e9a7726d2468f0c2fb0f30a80cf335db07f7,475,43,40-59,M,140.0,76.0,71.0,True,73162619482039973353303771770858645258
9649f110c5bb31d631a861ba0a2b8757c91ecb3d210bd1e8c67ef7bf994feb50,476,33,18-39,F,132.0,88.0,80.0,False,31302560302442936062152079136963324812
9649f110c5bb31d631a861ba0a2b8757c91ecb3d210bd1e8c67ef7bf994feb50,477,33,18-39,F,130.0,88.0,65.0,False,31302560302442936062152079136963324812
9649f110c5bb31d631a861ba0a2b8757c91ecb3d210bd1e8c67ef7bf994feb50,478,33,18-39,F,120.0,86.0,95.0,False,31302560302442936062152079136963324812
9649f110c5bb31d631a861ba0a2b8757c91ecb3d210bd1e8c67ef7bf994feb50,479,33,18-39,F,122.0,92.0,96.0,True,31302560302442936062152079136963324812
9649f110c5bb31d631a861ba0a2b8757c91ecb3d210bd1e8c67ef7bf994feb50,480,33,18-39,F,123.0,87.0,77.0,False,31302560302442936062152079136963324812
675a0d2813d80c3ddab65997d005975eaa8379b1a6dd3205b25201ce7bae0aa4,481,72,60+,M,130.0,73.0,105.0,False,47071564723696739566515933297536184953
675a0d2813d80c3ddab65997d005975eaa8379b1a6dd3205b25201ce7bae0aa4,482,72,60+,M,122.0,72.0,100.0,False,47071564723696739566515933297536184953
675a0d2813d80c3ddab65997d005975eaa8379b1a6dd3205b25201ce7bae0aa4,483,72,60+,M,127.0,78.0,71.0,False,47071564723696739566515933297536184953
675a0d2813d80c3ddab65997d005975eaa8379b1a6dd3205b25201ce7bae0aa4,484,72,60+,M,128.0,78.0,66.0,False,47071564723696739566515933297536184953
675a0d2813d80c3ddab65997d005975eaa8379b1a6dd3205b25201ce7bae0aa4,485,72,60+,M,130.0,68.0,101.0,False,47071564723696739566515933297536184953
c6e1624d6e0c1d34625ff2aa6b40f5c997eb7c78b3e472e9729c47be53221e1c,486,55,40-59,M,122.0,86.0,86.0,False,59492541198298710301741363375973359805
c6e1624d6e0c1d34625ff2aa6b40f5c997eb7c78b3e472e9729c47be53221e1c,487,55,40-59,M,125.0,88.0,95.0,False,59492541198298710301741363375973359805
c6e1624d6e0c1d34625ff2aa6b40f5c997eb7c78b3e472e9729c47be53221e1c,488,55,40-59,M,114.0,89.0,78.0,False,59492541198298710301741363375973359805
c6e1624d6e0c1d34625ff2aa6b40f5c997eb7c78b3e472e9729c47be53221e1c,489,55,40-59,M,116.0,83.0,79.0,False,59492541198298710301741363375973359805
c6e1624d6e0c1d34625ff2aa6b40f5c997eb7c78b3e472e9729c47be53221e1c,490,55,40-59,M,113.0,80.0,91.0,False,59492541198298710301741363375973359805
96cb3af8cbc1762cf54b11bf6ff923f9b2630459a0376d2a0f4d8ed917315cff,491,61,60+,F,130.0,92.0,55.0,True,63160953518566500143461492460504501071
96cb3af8cbc1762cf54b11bf6ff923f9b2630459a0376d2a0f4d8ed917315cff,492,61,60+,F,136.0,83.0,96.0,False,63160953518566500143461492460504501071
96cb3af8cbc1762cf54b11bf6ff923f9b2630459a0376d2a0f4d8ed917315cff,493,61,60+,F,139.0,86.0,93.0,False,63160953518566500143461492460504501071
96cb3af8cbc1762cf54b11bf6ff923f9b2630459a0376d2a0f4d8ed917315cff,494,61,60+,F,133.0,91.0,64.0,True,63160953518566500143461492460504501071
96cb3af8cbc1762cf54b11bf6ff923f9b2630459a0376d2a0f4d8ed917315cff,495,61,60+,F,137.0,84.0,104.0,False,63160953518566500143461492460504501071
e22b40e253abe45aac35fadb6900194aa601cef10502108fd43ef56a1f7850db,496,77,60+,M,153.0,75.0,105.0,True,1577783191312857535637944663616551101
e22b40e253abe45aac35fadb6900194aa601cef10502108fd43ef56a1f7850db,497,77,60+,M,152.0,78.0,99.0,True,1577783191312857535637944663616551101
e22b40e253abe45aac35fadb6900194aa601cef10502108fd43ef56a1f7850db,498,77,60+,M,149.0,79.0,90.0,True,1577783191312857535637944663616551101
e22b40e253abe45aac35fadb6900194aa601cef10502108fd43ef56a1f7850db,499,77,60+,M,156.0,72.0,86.0,True,1577783191312857535637944663616551101
e22b40e253abe45aac35fadb6900194aa601cef10502108fd43ef56a1f7850db,500,77,60+,M,153.0,77.0,60.0,True,1577783191312857535637944663616551101
ec809dfeba0569d0937780ed371ca2f20f9f362cd0a2513bcb483522d1e4cbdd,501,76,60+,F,140.0,73.0,69.0,True,137754467509735838067767411337899405689
ec809dfeba0569d0937780ed371ca2f20f9f362cd0a2513bcb483522d1e4cbdd,502,76,60+,F,136.0,74.0,86.0,False,137754467509735838067767411337899405689
ec809dfeba0569d0937780ed371ca2f20f9f362cd0a2513bcb483522d1e4cbdd,503,76,60+,F,133.0,74.0,84.0,False,137754467509735838067767411337899405689
ec809dfeba0569d0937780ed371ca2f20f9f362cd0a2513bcb483522d1e4cbdd,504,76,60+,F,136.0,74.0,70.0,False,137754467509735838067767411337899405689
ec809dfeba0569d0937780ed371ca2f20f9f362cd0a2513bcb483522d1e4cbdd,505,76,60+,F,147.0,69.0,89.0,True,137754467509735838067767411337899405689
49167cd3828f7e9d037ae9f3cabcc7cee3178f22b7532582f3b1b6b6feae27a5,506,20,18-39,F,132.0,99.0,73.0,True,42647725002510562971948849729484825600
49167cd3828f7e9d037ae9f3cabcc7cee3178f22b7532582f3b1b6b6feae27a5,507,20,18-39,F,131.0,94.0,82.0,True,42647725002510562971948849729484825600
49167cd3828f7e9d037ae9f3cabcc7cee3178f22b7532582f3b1b6b6feae27a5,508,20,18-39,F,130.0,99.0,59.0,True,42647725002510562971948849729484825600
49167cd3828f7e9d037ae9f3cabcc7cee3178f22b7532582f3b1b6b6feae27a5,509,20,18-39,F,122.0,99.0,78.0,True,42647725002510562971948849729484825600
49167cd3828f7e9d037ae9f3cabcc7cee3178f22b7532582f3b1b6b6feae27a5,510,20,18-39,F,117.0,89.0,94.0,False,42647725002510562971948849729484825600
08337f083a0c30291631194cfd30bb7f1be4efaefddfe2c718f59f19e293f133,511,25,18-39,M,118.0,99.0,103.0,True,68112163815896954575333859839853540335
08337f083a0c30291631194cfd30bb7f1be4efaefddfe2c718f59f19e293f133,512,25,18-39,M,107.0,92.0,68.0,True,68112163815896954575333859839853540335
08337f083a0c30291631194cfd30bb7f1be4efaefddfe2c718f59f19e293f133,513,25,18-39,M,116.0,102.0,63.0,True,68112163815896954575333859839853540335
08337f083a0c30291631194cfd30bb7f1be4efaefddfe2c718f59f19e293f133,514,25,18-39,M,113.0,93.0,97.0,True,68112163815896954575333859839853540335
08337f083a0c30291631194cfd30bb7f1be4efaefddfe2c718f59f19e293f133,515,25,18-39,M,114.0,97.0,85.0,True,68112163815896954575333859839853540335
71a41bca999de0e521544b813502ac28341d02248348bd43610bba5a6514b9c3,516,46,40-59,M,137.0,85.0,90.0,False,153662796371995611428824815662156507154
71a41bca999de0e521544b813502ac28341d02248348bd43610bba5a6514b9c3,517,46,40-59,M,125.0,85.0,73.0,False,153662796371995611428824815662156507154
71a41bca999de0e521544b813502ac28341d02248348bd43610bba5a6514b9c3,518,46,40-59,M,135.0,88.0,80.0,False,153662796371995611428824815662156507154
71a41bca999de0e521544b813502ac28341d02248348bd43610bba5a6514b9c3,519,46,40-59,M,134.0,89.0,72.0,False,153662796371995611428824815662156507154
71a41bca999de0e521544b813502ac28341d02248348bd43610bba5a6514b9c3,520,46,40-59,M,140.0,86.0,68.0,True,153662796371995611428824815662156507154
f4d4147725de844a7a57c050a32a364e5e4348b1addc6037eac5a20ed132388c,521,83,60+,F,128.0,76.0,63.0,False,61307929751040942229648299350840387139
f4d4147725de844a7a57c050a32a364e5e4348b1addc6037eac5a20ed132388c,522,83,60+,F,120.0,72.0,80.0,False,61307929751040942229648299350840387139
f4d4147725de844a7a57c050a32a364e5e4348b1addc6037eac5a20ed132388c,523,83,60+,F,130.0,80.0,91.0,False,61307929751040942229648299350840387139
f4d4147725de844a7a57c050a32a364e5e4348b1addc6037eac5a20ed132388c,524,83,60+,F,119.0,78.0,74.0,False,61307929751040942229648299350840387139
f4d4147725de844a7a57c050a32a364e5e4348b1addc6037eac5a20ed132388c,525,83,60+,F,121.0,72.0,57.0,False,61307929751040942229648299350840387139
f600b4ef0f534818f95934083021e86a30aefc4b21bcccf240e0c3d67cb1ac58,526,44,40-59,M,151.0,71.0,94.0,True,7144290686299745011842661517872731384
f600b4ef0f534818f95934083021e86a30aefc4b21bcccf240e0c3d67cb1ac58,527,44,40-59,M,147.0,72.0,64.0,True,7144290686299745011842661517872731384
f600b4ef0f534818f95934083021e86a30aefc4b21bcccf240e0c3d67cb1ac58,528,44,40-59,M,137.0,66.0,57.0,False,7144290686299745011842661517872731384
f600b4ef0f534818f95934083021e86a30aefc4b21bcccf240e0c3d67cb1ac58,529,44,40-59,M,149.0,73.0,103.0,True,7144290686299745011842661517872731384
f600b4ef0f534818f95934083021e86a30aefc4b21bcccf240e0c3d67cb1ac58,530,44,40-59,M,140.0,64.0,97.0,True,7144290686299745011842661517872731384
3b6bfe36db7034d6ba428629da7c58ed5b62a50ccb387cf7627d211c4ee73073,531,43,40-59,F,123.0,71.0,63.0,False,44487904571697204450982764249765098521
3b6bfe36db7034d6ba428629da7c58ed5b62a50ccb387cf7627d211c4ee73073,532,43,40-59,F,132.0,74.0,100.0,False,44487904571697204450982764249765098521
3b6bfe36db7034d6ba428629da7c58ed5b62a50ccb387cf7627d211c4ee73073,533,43,40-59,F,131.0,70.0,66.0,False,44487904571697204450982764249765098521
3b6bfe36db7034d6ba428629da7c58ed5b62a50ccb387cf7627d211c4ee73073,534,43,40-59,F,136.0,66.0,75.0,False,44487904571697204450982764249765098521
3b6bfe36db7034d6ba428629da7c58ed5b62a50ccb387cf7627d211c4ee73073,535,43,40-59,F,123.0,72.0,91.0,False,44487904571697204450982764249765098521
ec91006880b7b984a3b6354e64a0290d8d94368e9fc325ac957db0fe7eb848b0,536,26,18-39,M,134.0,94.0,104.0,True,70921658147118698694046394261856676882
ec91006880b7b984a3b6354e64a0290d8d94368e9fc325ac957db0fe7eb848b0,537,26,18-39,M,146.0,102.0,99.0,True,70921658147118698694046394261856676882
ec91006880b7b984a3b6354e64a0290d8d94368e9fc325ac957db0fe7eb848b0,538,26,18-39,M,145.0,100.0,59.0,True,70921658147118698694046394261856676882
ec91006880b7b984a3b6354e64a0290d8d94368e9fc325ac957db0fe7eb848b0,539,26,18-39,M,133.0,103.0,79.0,True,70921658147118698694046394261856676882
ec91006880b7b984a3b6354e64a0290d8d94368e9fc325ac957db0fe7eb848b0,540,26,18-39,M,137.0,100.0,104.0,True,70921658147118698694046394261856676882
f108f4aa201c3ccb4f8f0acd4ab73fce92573070644353ff7630980913882a6e,541,72,60+,F,108.0,92.0,95.0,True,168713411578836658533519722500182235974
f108f4aa201c3ccb4f8f0acd4ab73fce92573070644353ff7630980913882a6e,542,72,60+,F,105.0,96.0,55.0,True,168713411578836658533519722500182235974
f108f4aa201c3ccb4f8f0acd4ab73fce92573070644353ff7630980913882a6e,543,72,60+,F,105.0,100.0,97.0,True,168713411578836658533519722500182235974
f108f4aa201c3ccb4f8f0acd4ab73fce92573070644353ff7630980913882a6e,544,72,60+,F,105.0,91.0,68.0,True,168713411578836658533519722500182235974
f108f4aa201c3ccb4f8f0acd4ab73fce92573070644353ff7630980913882a6e,545,72,60+,F,105.0,92.0,85.0,True,168713411578836658533519722500182235974
07c7f887b9286ede6d42e206c890de3dd025dd39af659cdc08441d43e6076b31,546,22,18-39,M,157.0,77.0,58.0,True,169120129631243150463548516131586964095
07c7f887b9286ede6d42e206c890de3dd025dd39af659cdc08441d43e6076b31,547,22,18-39,M,154.0,77.0,101.0,True,169120129631243150463548516131586964095
07c7f887b9286ede6d42e206c890de3dd025dd39af659cdc08441d43e6076b31,548,22,18-39,M,145.0,79.0,95.0,True,169120129631243150463548516131586964095
07c7f887b9286ede6d42e206c890de3dd025dd39af659cdc08441d43e6076b31,549,22,18-39,M,158.0,82.0,97.0,True,169120129631243150463548516131586964095
07c7f887b9286ede6d42e206c890de3dd025dd39af659cdc08441d43e6076b31,550,22,18-39,M,151.0,75.0,100.0,True,169120129631243150463548516131586964095
0696828a73dc0286e4d883dfed5097462e1396b467893721ef1a3df6f65ed922,551,24,18-39,F,102.0,66.0,74.0,False,104376302221820740947153058646883681801
0696828a73dc0286e4d883dfed5097462e1396b467893721ef1a3df6f65ed922,552,24,18-39,F,109.0,69.0,65.0,False,104376302221820740947153058646883681801
0696828a73dc0286e4d883dfed5097462e1396b467893721ef1a3df6f65ed922,553,24,18-39,F,115.0,69.0,58.0,False,104376302221820740947153058646883681801
0696828a73dc0286e4d883dfed5097462e1396b467893721ef1a3df6f65ed922,554,24,18-39,F,110.0,65.0,91.0,False,104376302221820740947153058646883681801
0696828a73dc0286e4d883dfed5097462e1396b467893721ef1a3df6f65ed922,555,24,18-39,F,114.0,67.0,98.0,False,104376302221820740947153058646883681801
d0b84d5b8e94dbb13df01fcad3644373f97531af252355854f8079c3a8dd38de,556,41,40-59,F,109.0,93.0,81.0,True,39781394978043595922225701474996010415
d0b84d5b8e94dbb13df01fcad3644373f97531af252355854f8079c3a8dd38de,557,41,40-59,F,119.0,89.0,104.0,False,39781394978043595922225701474996010415
d0b84d5b8e94dbb13df01fcad3644373f97531af252355854f8079c3a8dd38de,558,41,40-59,F,118.0,87.0,105.0,False,39781394978043595922225701474996010415
d0b84d5b8e94dbb13df01fcad3644373f97531af252355854f8079c3a8dd38de,559,41,40-59,F,114.0,87.0,72.0,False,39781394978043595922225701474996010415
d0b84d5b8e94dbb13df01fcad3644373f97531af252355854f8079c3a8dd38de,560,41,40-59,F,105.0,92.0,96.0,True,39781394978043595922225701474996010415
cf24e803d4f615c9fb5c5933f01e9f9b580eb1241d91306327d9fadafdcfefd3,561,62,60+,F,119.0,82.0,79.0,False,20380553723751451512287391141247730745
cf24e803d4f615c9fb5c5933f01e9f9b580eb1241d91306327d9fadafdcfefd3,562,62,60+,F,118.0,89.0,79.0,False,20380553723751451512287391141247730745
cf24e803d4f615c9fb5c5933f01e9f9b580eb1241d91306327d9fadafdcfefd3,563,62,60+,F,113.0,86.0,73.0,False,20380553723751451512287391141247730745
cf24e803d4f615c9fb5c5933f01e9f9b580eb1241d91306327d9fadafdcfefd3,564,62,60+,F,106.0,84.0,71.0,False,20380553723751451512287391141247730745
cf24e803d4f615c9fb5c5933f01e9f9b580eb1241d91306327d9fadafdcfefd3,565,62,60+,F,114.0,85.0,65.0,False,20380553723751451512287391141247730745
30f722eadf63b0401e0f98890cef2c687f51c0c42394fc0e41b82628bfe59351,566,25,18-39,M,114.0,77.0,98.0,False,60039033024567641733009846229785869312
30f722eadf63b0401e0f98890cef2c687f51c0c42394fc0e41b82628bfe59351,567,25,18-39,M,121.0,74.0,89.0,False,60039033024567641733009846229785869312
30f722eadf63b0401e0f98890cef2c687f51c0c42394fc0e41b82628bfe59351,568,25,18-39,M,108.0,77.0,90.0,False,60039033024567641733009846229785869312
30f722eadf63b0401e0f98890cef2c687f51c0c42394fc0e41b82628bfe59351,569,25,18-39,M,121.0,75.0,67.0,False,60039033024567641733009846229785869312
30f722eadf63b0401e0f98890cef2c687f51c0c42394fc0e41b82628bfe59351,570,25,18-39,M,113.0,73.0,93.0,False,60039033024567641733009846229785869312
5814f94b4bec7a4f1fc2082b27a717080dd083ca1889228a7fd6912149991ee6,571,27,18-39,M,134.0,82.0,103.0,False,147799968944738847541146238095601168848
5814f94b4bec7a4f1fc2082b27a717080dd083ca1889228a7fd6912149991ee6,572,27,18-39,M,126.0,79.0,84.0,False,147799968944738847541146238095601168848
5814f94b4bec7a4f1fc2082b27a717080dd083ca1889228a7fd6912149991ee6,573,27,18-39,M,128.0,81.0,77.0,False,147799968944738847541146238095601168848
5814f94b4bec7a4f1fc2082b27a717080dd083ca1889228a7fd6912149991ee6,574,27,18-39,M,128.0,76.0,80.0,False,147799968944738847541146238095601168848
5814f94b4bec7a4f1fc2082b27a717080dd083ca1889228a7fd6912149991ee6,575,27,18-39,M,142.0,77.0,88.0,True,147799968944738847541146238095601168848
ecf76546bef1cc509a9e0defa71157ba5e07f220617b14694fd629fb9e1781d7,576,61,60+,M,135.0,75.0,67.0,False,53283275673494280775671032469454173535
ecf76546bef1cc509a9e0defa71157ba5e07f220617b14694fd629fb9e1781d7,577,61,60+,M,131.0,74.0,99.0,False,53283275673494280775671032469454173535
ecf76546bef1cc509a9e0defa71157ba5e07f220617b14694fd629fb9e1781d7,578,61,60+,M,138.0,77.0,91.0,False,53283275673494280775671032469454173535
ecf76546bef1cc509a9e0defa71157ba5e07f220617b14694fd629fb9e1781d7,579,61,60+,M,140.0,78.0,104.0,True,53283275673494280775671032469454173535
ecf76546bef1cc509a9e0defa71157ba5e07f220617b14694fd629fb9e1781d7,580,61,60+,M,145.0,74.0,70.0,True,53283275673494280775671032469454173535
25ff7b47cebfa6b3db3d890690ef5a1ee1fe15941a30b24ad9fd805d1c68c8fa,581,25,18-39,M,131.0,76.0,84.0,False,112267126167232096209557570510708868817
25ff7b47cebfa6b3db3d890690ef5a1ee1fe15941a30b24ad9fd805d1c68c8fa,582,25,18-39,M,122.0,68.0,75.0,False,112267126167232096209557570510708868817
25ff7b47cebfa6b3db3d890690ef5a1ee1fe15941a30b24ad9fd805d1c68c8fa,583,25,18-39,M,120.0,71.0,72.0,False,112267126167232096209557570510708868817
25ff7b47cebfa6b3db3d890690ef5a1ee1fe15941a30b24ad9fd805d1c68c8fa,584,25,18-39,M,136.0,75.0,56.0,False,112267126167232096209557570510708868817
25ff7b47cebfa6b3db3d890690ef5a1ee1fe15941a30b24ad9fd805d1c68c8fa,585,25,18-39,M,123.0,66.0,68.0,False,112267126167232096209557570510708868817
3ffeb83b5751383a5c5d682f4704124cc723be3422add6c73c8ea6d71fa0a64b,586,82,60+,F,126.0,78.0,83.0,False,160424788666353579003762932398634052114
3ffeb83b5751383a5c5d682f4704124cc723be3422add6c73c8ea6d71fa0a64b,587,82,60+,F,117.0,81.0,57.0,False,160424788666353579003762932398634052114
3ffeb83b5751383a5c5d682f4704124cc723be3422add6c73c8ea6d71fa0a64b,588,82,60+,F,123.0,80.0,66.0,False,160424788666353579003762932398634052114
3ffeb83b5751383a5c5d682f4704124cc723be3422add6c73c8ea6d71fa0a64b,589,82,60+,F,125.0,78.0,56.0,False,160424788666353579003762932398634052114
3ffeb83b5751383a5c5d682f4704124cc723be3422add6c73c8ea6d71fa0a64b,590,82,60+,F,114.0,77.0,90.0,False,160424788666353579003762932398634052114
dd16f05f27a80dc5520b3eb44ed430e4e30fa0cf10cdf1e27381f8c89e61cc22,591,67,60+,M,140.0,65.0,100.0,True,66858424213202736169494281722860080395
dd16f05f27a80dc5520b3eb44ed430e4e30fa0cf10cdf1e27381f8c89e61cc22,592,67,60+,M,130.0,68.0,75.0,False,66858424213202736169494281722860080395
dd16f05f27a80dc5520b3eb44ed430e4e30fa0cf10cdf1e27381f8c89e61cc22,593,67,60+,M,135.0,74.0,60.0,False,66858424213202736169494281722860080395
dd16f05f27a80dc5520b3eb44ed430e4e30fa0cf10cdf1e27381f8c89e61cc22,594,67,60+,M,144.0,70.0,66.0,True,66858424213202736169494281722860080395
dd16f05f27a80dc5520b3eb44ed430e4e30fa0cf10cdf1e27381f8c89e61cc22,595,67,60+,M,142.0,66.0,78.0,True,66858424213202736169494281722860080395
ef82856871febf58d6aa363fdd2c0f6fab39a5e3d43f3a54d9faaf2c3048b528,596,50,40-59,F,116.0,67.0,58.0,False,163152253692293411403592624603430574158
ef82856871febf58d6aa363fdd2c0f6fab39a5e3d43f3a54d9faaf2c3048b528,597,50,40-59,F,108.0,62.0,71.0,False,163152253692293411403592624603430574158
ef82856871febf58d6aa363fdd2c0f6fab39a5e3d43f3a54d9faaf2c3048b528,598,50,40-59,F,124.0,72.0,103.0,False,163152253692293411403592624603430574158
ef82856871febf58d6aa363fdd2c0f6fab39a5e3d43f3a54d9faaf2c3048b528,599,50,40-59,F,123.0,62.0,61.0,False,163152253692293411403592624603430574158
ef82856871febf58d6aa363fdd2c0f6fab39a5e3d43f3a54d9faaf2c3048b528,600,50,40-59,F,112.0,67.0,103.0,False,163152253692293411403592624603430574158
7c6ed838c9a5c9104907987902aabfbd938fa1bad134341a118ddeeb584b91f3,601,20,18-39,F,154.0,89.0,61.0,True,56526969817642370712031914769758478522
7c6ed838c9a5c9104907987902aabfbd938fa1bad134341a118ddeeb584b91f3,602,20,18-39,F,155.0,84.0,78.0,True,56526969817642370712031914769758478522
7c6ed838c9a5c9104907987902aabfbd938fa1bad134341a118ddeeb584b91f3,603,20,18-39,F,148.0,85.0,62.0,True,56526969817642370712031914769758478522
7c6ed838c9a5c9104907987902aabfbd938fa1bad134341a118ddeeb584b91f3,604,20,18-39,F,151.0,86.0,79.0,True,56526969817642370712031914769758478522
7c6ed838c9a5c9104907987902aabfbd938fa1bad134341a118ddeeb584b91f3,605,20,18-39,F,145.0,86.0,70.0,True,56526969817642370712031914769758478522
629fcaa1fbd2c8c821627689503236bd3067fb303e110d903df6f1d3db69011f,606,38,18-39,F,127.0,74.0,69.0,False,66222112342243688231525274514480819730
629fcaa1fbd2c8c821627689503236bd3067fb303e110d903df6f1d3db69011f,607,38,18-39,F,128.0,81.0,78.0,False,66222112342243688231525274514480819730
629fcaa1fbd2c8c821627689503236bd3067fb303e110d903df6f1d3db69011f,608,38,18-39,F,130.0,79.0,61.0,False,66222112342243688231525274514480819730
629fcaa1fbd2c8c821627689503236bd3067fb303e110d903df6f1d3db69011f,609,38,18-39,F,138.0,72.0,95.0,False,66222112342243688231525274514480819730
629fcaa1fbd2c8c821627689503236bd3067fb303e110d903df6f1d3db69011f,610,38,18-39,F,128.0,79.0,76.0,False,66222112342243688231525274514480819730
0cb2500c655ca994344e814c5bbc97fde857d8d7e50fe2a424c0b0b108b91b1d,611,61,60+,F,138.0,69.0,76.0,False,122301765331492961714466447775343410921
0cb2500c655ca994344e814c5bbc97fde857d8d7e50fe2a424c0b0b108b91b1d,612,61,60+,F,134.0,67.0,66.0,False,122301765331492961714466447775343410921
0cb2500c655ca994344e814c5bbc97fde857d8d7e50fe2a424c0b0b108b91b1d,613,61,60+,F,141.0,75.0,64.0,True,122301765331492961714466447775343410921
0cb2500c655ca994344e814c5bbc97fde857d8d7e50fe2a424c0b0b108b91b1d,614,61,60+,F,141.0,69.0,72.0,True,122301765331492961714466447775343410921
0cb2500c655ca994344e814c5bbc97fde857d8d7e50fe2a424c0b0b108b91b1d,615,61,60+,F,140.0,73.0,70.0,True,122301765331492961714466447775343410921
d6f31ab96b8cfe2ffb2cbf0890e254f9759125ed409ca4c5a545509de8f07795,616,39,18-39,F,124.0,80.0,71.0,False,93798419685432976450855857139915245045
d6f31ab96b8cfe2ffb2cbf0890e254f9759125ed409ca4c5a545509de8f07795,617,39,18-39,F,129.0,79.0,75.0,False,93798419685432976450855857139915245045
d6f31ab96b8cfe2ffb2cbf0890e254f9759125ed409ca4c5a545509de8f07795,618,39,18-39,F,128.0,85.0,62.0,False,93798419685432976450855857139915245045
d6f31ab96b8cfe2ffb2cbf0890e254f9759125ed409ca4c5a545509de8f07795,619,39,18-39,F,118.0,86.0,58.0,False,93798419685432976450855857139915245045
d6f31ab96b8cfe2ffb2cbf0890e254f9759125ed409ca4c5a545509de8f07795,620,39,18-39,F,120.0,86.0,85.0,False,93798419685432976450855857139915245045
903cd2d102ea18973a852ec035ba6df384a2ae71115537c4675caad6d3143a4c,621,56,40-59,F,124.0,78.0,71.0,False,24217981110103609719559795241760536628
903cd2d102ea18973a852ec035ba6df384a2ae71115537c4675caad6d3143a4c,622,56,40-59,F,120.0,75.0,61.0,False,24217981110103609719559795241760536628
903cd2d102ea18973a852ec035ba6df384a2ae71115537c4675caad6d3143a4c,623,56,40-59,F,125.0,76.0,81.0,False,24217981110103609719559795241760536628
903cd2d102ea18973a852ec035ba6df384a2ae71115537c4675caad6d3143a4c,624,56,40-59,F,118.0,72.0,101.0,False,24217981110103609719559795241760536628
903cd2d102ea18973a852ec035ba6df384a2ae71115537c4675caad6d3143a4c,625,56,40-59,F,122.0,74.0,95.0,False,24217981110103609719559795241760536628
3f31217976052ea1e432830251696bcce22e3e930cb08d8be4a7c8da3fa1ec76,626,22,18-39,M,145.0,83.0,83.0,True,74469610368024039271334742505025855774
3f31217976052ea1e432830251696bcce22e3e930cb08d8be4a7c8da3fa1ec76,627,22,18-39,M,129.0,89.0,73.0,False,74469610368024039271334742505025855774
3f31217976052ea1e432830251696bcce22e3e930cb08d8be4a7c8da3fa1ec76,628,22,18-39,M,134.0,86.0,82.0,False,74469610368024039271334742505025855774
3f31217976052ea1e432830251696bcce22e3e930cb08d8be4a7c8da3fa1ec76,629,22,18-39,M,130.0,87.0,68.0,False,74469610368024039271334742505025855774
3f31217976052ea1e432830251696bcce22e3e930cb08d8be4a7c8da3fa1ec76,630,22,18-39,M,137.0,90.0,66.0,True,74469610368024039271334742505025855774
f1046f21ca030358eee4521ca41998992df4fbf6b3749d52e9fac7f4265a30bb,631,37,18-39,F,135.0,77.0,93.0,False,38523727671719209296515655416867244893
f1046f21ca030358eee4521ca41998992df4fbf6b3749d52e9fac7f4265a30bb,632,37,18-39,F,132.0,75.0,93.0,False,38523727671719209296515655416867244893
f1046f21ca030358eee4521ca41998992df4fbf6b3749d52e9fac7f4265a30bb,633,37,18-39,F,145.0,78.0,66.0,True,38523727671719209296515655416867244893
f1046f21ca030358eee4521ca41998992df4fbf6b3749d52e9fac7f4265a30bb,634,37,18-39,F,136.0,76.0,94.0,False,38523727671719209296515655416867244893
f1046f21ca030358eee4521ca41998992df4fbf6b3749d52e9fac7f4265a30bb,635,37,18-39,F,136.0,83.0,74.0,False,38523727671719209296515655416867244893
72d559dcea497f0f87c41937936e421ca456bab6db1ac9e308453247468c6b48,636,45,40-59,F,114.0,93.0,88.0,True,89099608847762502354789580904998418205
72d559dcea497f0f87c41937936e421ca456bab6db1ac9e308453247468c6b48,637,45,40-59,F,112.0,98.0,73.0,True,89099608847762502354789580904998418205
72d559dcea497f0f87c41937936e421ca456bab6db1ac9e308453247468c6b48,638,45,40-59,F,116.0,94.0,55.0,True,89099608847762502354789580904998418205
72d559dcea497f0f87c41937936e421ca456bab6db1ac9e308453247468c6b48,639,45,40-59,F,114.0,100.0,63.0,True,89099608847762502354789580904998418205
72d559dcea497f0f87c41937936e421ca456bab6db1ac9e308453247468c6b48,640,45,40-59,F,109.0,96.0,66.0,True,89099608847762502354789580904998418205
14240ab3136ea9d666d79d0df64dcc3172898bec26a02aac49013f0c85b57e69,641,66,60+,F,107.0,88.0,88.0,False,6571114406416298720609505035447339308
14240ab3136ea9d666d79d0df64dcc3172898bec26a02aac49013f0c85b57e69,642,66,60+,F,121.0,91.0,59.0,True,6571114406416298720609505035447339308
14240ab3136ea9d666d79d0df64dcc3172898bec26a02aac49013f0c85b57e69,643,66,60+,F,110.0,88.0,100.0,False,6571114406416298720609505035447339308
14240ab3136ea9d666d79d0df64dcc3172898bec26a02aac49013f0c85b57e69,644,66,60+,F,114.0,88.0,104.0,False,6571114406416298720609505035447339308
14240ab3136ea9d666d79d0df64dcc3172898bec26a02aac49013f0c85b57e69,645,66,60+,F,119.0,92.0,103.0,True,6571114406416298720609505035447339308
0b5c122937953f1257f16064609f0be1e639621ce700a5f3fa1c9bbcea2dd5eb,646,27,18-39,M,117.0,99.0,56.0,True,89206594946084404006573655721622524237
0b5c122937953f1257f16064609f0be1e639621ce700a5f3fa1c9bbcea2dd5eb,647,27,18-39,M,119.0,99.0,63.0,True,89206594946084404006573655721622524237
0b5c122937953f1257f16064609f0be1e639621ce700a5f3fa1c9bbcea2dd5eb,648,27,18-39,M,106.0,94.0,60.0,True,89206594946084404006573655721622524237
0b5c122937953f1257f16064609f0be1e639621ce700a5f3fa1c9bbcea2dd5eb,649,27,18-39,M,110.0,100.0,66.0,True,89206594946084404006573655721622524237
0b5c122937953f1257f16064609f0be1e639621ce700a5f3fa1c9bbcea2dd5eb,650,27,18-39,M,108.0,92.0,74.0,True,89206594946084404006573655721622524237
604e89439d30139dc9a173add1817ea9603e7a1afb217d2591f5482843cdb798,651,52,40-59,F,104.0,70.0,56.0,False,21651912973206807258807312776285087542
604e89439d30139dc9a173add1817ea9603e7a1afb217d2591f5482843cdb798,652,52,40-59,F,112.0,74.0,70.0,False,21651912973206807258807312776285087542
604e89439d30139dc9a173add1817ea9603e7a1afb217d2591f5482843cdb798,653,52,40-59,F,112.0,67.0,77.0,False,21651912973206807258807312776285087542
604e89439d30139dc9a173add1817ea9603e7a1afb217d2591f5482843cdb798,654,52,40-59,F,101.0,68.0,57.0,False,21651912973206807258807312776285087542
604e89439d30139dc9a173add1817ea9603e7a1afb217d2591f5482843cdb798,655,52,40-59,F,106.0,67.0,84.0,False,21651912973206807258807312776285087542
3e0ca45c6a9a2fb1c8abeeba553af2ffe96e88aea8ee4dc1681e0a09eaf75f3c,656,83,60+,M,107.0,73.0,63.0,False,76895325342454626719343237907863746452
3e0ca45c6a9a2fb1c8abeeba553af2ffe96e88aea8ee4dc1681e0a09eaf75f3c,657,83,60+,M,111.0,70.0,64.0,False,76895325342454626719343237907863746452
3e0ca45c6a9a2fb1c8abeeba553af2ffe96e88aea8ee4dc1681e0a09eaf75f3c,658,83,60+,M,118.0,73.0,65.0,False,76895325342454626719343237907863746452
3e0ca45c6a9a2fb1c8abeeba553af2ffe96e88aea8ee4dc1681e0a09eaf75f3c,659,83,60+,M,104.0,77.0,79.0,False,76895325342454626719343237907863746452
3e0ca45c6a9a2fb1c8abeeba553af2ffe96e88aea8ee4dc1681e0a09eaf75f3c,660,83,60+,M,117.0,76.0,93.0,False,76895325342454626719343237907863746452
2839ace4117c899ded230fc3b17951deff2f3674f1e1c222a702fcf81e9e40b3,661,24,18-39,M,110.0,89.0,70.0,False,91609467690428633191326165191361855079
2839ace4117c899ded230fc3b17951deff2f3674f1e1c222a702fcf81e9e40b3,662,24,18-39,M,110.0,89.0,91.0,False,91609467690428633191326165191361855079
2839ace4117c899ded230fc3b17951deff2f3674f1e1c222a702fcf81e9e40b3,663,24,18-39,M,110.0,89.0,90.0,False,91609467690428633191326165191361855079
2839ace4117c899ded230fc3b17951deff2f3674f1e1c222a702fcf81e9e40b3,664,24,18-39,M,101.0,88.0,88.0,False,91609467690428633191326165191361855079
2839ace4117c899ded230fc3b17951deff2f3674f1e1c222a702fcf81e9e40b3,665,24,18-39,M,104.0,93.0,77.0,True,91609467690428633191326165191361855079
04209ab1d7850bd4f311afcc26d1450be488afa81deb3879f5e2cd9dbd9b195a,666,51,40-59,M,150.0,61.0,88.0,True,13190424286638675886575669297898012413
04209ab1d7850bd4f311afcc26d1450be488afa81deb3879f5e2cd9dbd9b195a,667,51,40-59,M,144.0,61.0,75.0,True,13190424286638675886575669297898012413
04209ab1d7850bd4f311afcc26d1450be488afa81deb3879f5e2cd9dbd9b195a,668,51,40-59,M,152.0,63.0,87.0,True,13190424286638675886575669297898012413
04209ab1d7850bd4f311afcc26d1450be488afa81deb3879f5e2cd9dbd9b195a,669,51,40-59,M,139.0,63.0,63.0,False,13190424286638675886575669297898012413
04209ab1d7850bd4f311afcc26d1450be488afa81deb3879f5e2cd9dbd9b195a,670,51,40-59,M,152.0,66.0,104.0,True,13190424286638675886575669297898012413
ba5a2d7781faee7c3da6a592aa6c04d35b4cc1a03ddd3aa118b291e23ef3f8ea,671,78,60+,F,107.0,72.0,94.0,False,100800600740043558328810423378521265481
ba5a2d7781faee7c3da6a592aa6c04d35b4cc1a03ddd3aa118b291e23ef3f8ea,672,78,60+,F,107.0,72.0,89.0,False,100800600740043558328810423378521265481
ba5a2d7781faee7c3da6a592aa6c04d35b4cc1a03ddd3aa118b291e23ef3f8ea,673,78,60+,F,100.0,71.0,61.0,False,100800600740043558328810423378521265481
ba5a2d7781faee7c3da6a592aa6c04d35b4cc1a03ddd3aa118b291e23ef3f8ea,674,78,60+,F,107.0,63.0,88.0,False,100800600740043558328810423378521265481
ba5a2d7781faee7c3da6a592aa6c04d35b4cc1a03ddd3aa118b291e23ef3f8ea,675,78,60+,F,99.0,68.0,70.0,False,100800600740043558328810423378521265481
78ba92ef6f72f5f1f575abed6c04d9e0a67bc1e88ba8f5708bb702c41cfd53aa,676,25,18-39,M,115.0,89.0,65.0,False,129866351980116592029067804509670840205
78ba92ef6f72f5f1f575abed6c04d9e0a67bc1e88ba8f5708bb702c41cfd53aa,677,25,18-39,M,107.0,79.0,93.0,False,129866351980116592029067804509670840205
78ba92ef6f72f5f1f575abed6c04d9e0a67bc1e88ba8f5708bb702c41cfd53aa,678,25,18-39,M,120.0,83.0,60.0,False,129866351980116592029067804509670840205
78ba92ef6f72f5f1f575abed6c04d9e0a67bc1e88ba8f5708bb702c41cfd53aa,679,25,18-39,M,118.0,88.0,89.0,False,129866351980116592029067804509670840205
78ba92ef6f72f5f1f575abed6c04d9e0a67bc1e88ba8f5708bb702c41cfd53aa,680,25,18-39,M,108.0,86.0,62.0,False,129866351980116592029067804509670840205
839dacd90b59dfb7dc6288889efc82a2057debc9eaef3f6a79095d33273cf9e6,681,85,60+,F,124.0,90.0,70.0,True,90949209936311318111558865261853849697
839dacd90b59dfb7dc6288889efc82a2057debc9eaef3f6a79095d33273cf9e6,682,85,60+,F,117.0,94.0,73.0,True,90949209936311318111558865261853849697
839dacd90b59dfb7dc6288889efc82a2057debc9eaef3f6a79095d33273cf9e6,683,85,60+,F,129.0,95.0,99.0,True,90949209936311318111558865261853849697
839dacd90b59dfb7dc6288889efc82a2057debc9eaef3f6a79095d33273cf9e6,684,85,60+,F,122.0,96.0,79.0,True,90949209936311318111558865261853849697
839dacd90b59dfb7dc6288889efc82a2057debc9eaef3f6a79095d33273cf9e6,685,85,60+,F,121.0,94.0,100.0,True,90949209936311318111558865261853849697
112770097cc58cc426c4d50b79b1b8c00dd0425c891258a87700169da7464e9f,686,66,60+,M,147.0,86.0,74.0,True,94797419276320237674938680337392767316
112770097cc58cc426c4d50b79b1b8c00dd0425c891258a87700169da7464e9f,687,66,60+,M,132.0,82.0,76.0,False,94797419276320237674938680337392767316
112770097cc58cc426c4d50b79b1b8c00dd0425c891258a87700169da7464e9f,688,66,60+,M,139.0,82.0,87.0,False,94797419276320237674938680337392767316
112770097cc58cc426c4d50b79b1b8c00dd0425c891258a87700169da7464e9f,689,66,60+,M,144.0,88.0,80.0,True,94797419276320237674938680337392767316
112770097cc58cc426c4d50b79b1b8c00dd0425c891258a87700169da7464e9f,690,66,60+,M,132.0,84.0,65.0,False,94797419276320237674938680337392767316
5a833b3276327212ef7255dbf777cd0f455db4c26a1f0aabf30aa9ed39a607fc,691,50,40-59,M,147.0,84.0,73.0,True,63914357823133068619230738371882067917
5a833b3276327212ef7255dbf777cd0f455db4c26a1f0aabf30aa9ed39a607fc,692,50,40-59,M,138.0,84.0,58.0,False,63914357823133068619230738371882067917
5a833b3276327212ef7255dbf777cd0f455db4c26a1f0aabf30aa9ed39a607fc,693,50,40-59,M,132.0,82.0,90.0,False,63914357823133068619230738371882067917
5a833b3276327212ef7255dbf777cd0f455db4c26a1f0aabf30aa9ed39a607fc,694,50,40-59,M,134.0,89.0,77.0,False,63914357823133068619230738371882067917
5a833b3276327212ef7255dbf777cd0f455db4c26a1f0aabf30aa9ed39a607fc,695,50,40-59,M,146.0,90.0,58.0,True,63914357823133068619230738371882067917
7e194764f81c312b71ac3d297fed91049fe011263a81a1da51b248b826fac51f,696,69,60+,M,135.0,69.0,98.0,False,167075765415907599401094827736074453133
7e194764f81c312b71ac3d297fed91049fe011263a81a1da51b248b826fac51f,697,69,60+,M,123.0,72.0,76.0,False,167075765415907599401094827736074453133
7e194764f81c312b71ac3d297fed91049fe011263a81a1da51b248b826fac51f,698,69,60+,M,130.0,68.0,98.0,False,167075765415907599401094827736074453133
7e194764f81c312b71ac3d297fed91049fe011263a81a1da51b248b826fac51f,699,69,60+,M,125.0,75.0,94.0,False,167075765415907599401094827736074453133
7e194764f81c312b71ac3d297fed91049fe011263a81a1da51b248b826fac51f,700,69,60+,M,127.0,74.0,61.0,False,167075765415907599401094827736074453133
4bb9579fabcc5f04d34b08d1bb121f7343a3155da6f82ea057608343770841c1,701,80,60+,M,160.0,69.0,55.0,True,63756479397606176424881390791055823842
4bb9579fabcc5f04d34b08d1bb121f7343a3155da6f82ea057608343770841c1,702,80,60+,M,160.0,76.0,92.0,True,63756479397606176424881390791055823842
4bb9579fabcc5f04d34b08d1bb121f7343a3155da6f82ea057608343770841c1,703,80,60+,M,150.0,75.0,80.0,True,63756479397606176424881390791055823842
4bb9579fabcc5f04d34b08d1bb121f7343a3155da6f82ea057608343770841c1,704,80,60+,M,151.0,74.0,105.0,True,63756479397606176424881390791055823842
4bb9579fabcc5f04d34b08d1bb121f7343a3155da6f82ea057608343770841c1,705,80,60+,M,155.0,77.0,93.0,True,63756479397606176424881390791055823842
72bf3cc61d39f390b2eef086fb8feb9410ea9976ea9f050148eb0e178261e5dd,706,34,18-39,M,134.0,94.0,73.0,True,47669282123501540306328847215520696561
72bf3cc61d39f390b2eef086fb8feb9410ea9976ea9f050148eb0e178261e5dd,707,34,18-39,M,136.0,95.0,88.0,True,47669282123501540306328847215520696561
72bf3cc61d39f390b2eef086fb8feb9410ea9976ea9f050148eb0e178261e5dd,708,34,18-39,M,137.0,99.0,75.0,True,47669282123501540306328847215520696561
72bf3cc61d39f390b2eef086fb8feb9410ea9976ea9f050148eb0e178261e5dd,709,34,18-39,M,125.0,96.0,79.0,True,47669282123501540306328847215520696561
72bf3cc61d39f390b2eef086fb8feb9410ea9976ea9f050148eb0e178261e5dd,710,34,18-39,M,139.0,93.0,66.0,True,47669282123501540306328847215520696561
4f0e48eb03d09fc8c5edd3650cadca003ab6e802598835cf5b7d6982472cab98,711,58,40-59,F,131.0,85.0,76.0,False,26987350580514768215966355364395500131
4f0e48eb03d09fc8c5edd3650cadca003ab6e802598835cf5b7d6982472cab98,712,58,40-59,F,134.0,93.0,70.0,True,26987350580514768215966355364395500131
4f0e48eb03d09fc8c5edd3650cadca003ab6e802598835cf5b7d6982472cab98,713,58,40-59,F,134.0,87.0,82.0,False,26987350580514768215966355364395500131
4f0e48eb03d09fc8c5edd3650cadca003ab6e802598835cf5b7d6982472cab98,714,58,40-59,F,124.0,84.0,58.0,False,26987350580514768215966355364395500131
4f0e48eb03d09fc8c5edd3650cadca003ab6e802598835cf5b7d6982472cab98,715,58,40-59,F,132.0,93.0,86.0,True,26987350580514768215966355364395500131
e3137b075a280f18cf16765cfb037c1192fd0c3dba8f8add2deafa068c4740e9,716,58,40-59,M,147.0,95.0,101.0,True,93707083921660960468434599388019893306
e3137b075a280f18cf16765cfb037c1192fd0c3dba8f8add2deafa068c4740e9,717,58,40-59,M,144.0,93.0,84.0,True,93707083921660960468434599388019893306
e3137b075a280f18cf16765cfb037c1192fd0c3dba8f8add2deafa068c4740e9,718,58,40-59,M,142.0,87.0,93.0,True,93707083921660960468434599388019893306
e3137b075a280f18cf16765cfb037c1192fd0c3dba8f8add2deafa068c4740e9,719,58,40-59,M,142.0,94.0,55.0,True,93707083921660960468434599388019893306
e3137b075a280f18cf16765cfb037c1192fd0c3dba8f8add2deafa068c4740e9,720,58,40-59,M,133.0,95.0,69.0,True,93707083921660960468434599388019893306
a0a642bb26cf9032ff72ccf520d6adc4891b3aef617800163fcea30abd97cc44,721,32,18-39,M,132.0,102.0,90.0,True,72351627032285341066800466053540867574
a0a642bb26cf9032ff72ccf520d6adc4891b3aef617800163fcea30abd97cc44,722,32,18-39,M,124.0,95.0,81.0,True,72351627032285341066800466053540867574
a0a642bb26cf9032ff72ccf520d6adc4891b3aef617800163fcea30abd97cc44,723,32,18-39,M,135.0,98.0,83.0,True,72351627032285341066800466053540867574
a0a642bb26cf9032ff72ccf520d6adc4891b3aef617800163fcea30abd97cc44,724,32,18-39,M,130.0,100.0,102.0,True,72351627032285341066800466053540867574
a0a642bb26cf9032ff72ccf520d6adc4891b3aef617800163fcea30abd97cc44,725,32,18-39,M,122.0,94.0,78.0,True,72351627032285341066800466053540867574
a7911b6652653b1ed0b91eb95ad0f57879691bebfae1af49fcc35cbb73c7f56a,726,60,60+,M,117.0,81.0,62.0,False,130106883957709069057555605327632616066
a7911b6652653b1ed0b91eb95ad0f57879691bebfae1af49fcc35cbb73c7f56a,727,60,60+,M,110.0,84.0,87.0,False,130106883957709069057555605327632616066
a7911b6652653b1ed0b91eb95ad0f57879691bebfae1af49fcc35cbb73c7f56a,728,60,60+,M,114.0,89.0,65.0,False,130106883957709069057555605327632616066
a7911b6652653b1ed0b91eb95ad0f57879691bebfae1af49fcc35cbb73c7f56a,729,60,60+,M,117.0,83.0,87.0,False,130106883957709069057555605327632616066
a7911b6652653b1ed0b91eb95ad0f57879691bebfae1af49fcc35cbb73c7f56a,730,60,60+,M,107.0,87.0,67.0,False,130106883957709069057555605327632616066
f73d841f7f825541983e3a11f4fa2a65de618544be4b043c224d2abf06876a7a,731,72,60+,F,111.0,75.0,95.0,False,77292311875793185795587647768966845185
f73d841f7f825541983e3a11f4fa2a65de618544be4b043c224d2abf06876a7a,732,72,60+,F,101.0,72.0,55.0,False,77292311875793185795587647768966845185
f73d841f7f825541983e3a11f4fa2a65de618544be4b043c224d2abf06876a7a,733,72,60+,F,100.0,70.0,100.0,False,77292311875793185795587647768966845185
f73d841f7f825541983e3a11f4fa2a65de618544be4b043c224d2abf06876a7a,734,72,60+,F,100.0,70.0,80.0,False,77292311875793185795587647768966845185
f73d841f7f825541983e3a11f4fa2a65de618544be4b043c224d2abf06876a7a,735,72,60+,F,103.0,75.0,55.0,False,77292311875793185795587647768966845185
6cf648498e60209b496cfdc05dc0f36f86bd56e9841d867be3407e976ed58347,736,23,18-39,F,116.0,101.0,89.0,True,111756505301693787927833080878754790698
6cf648498e60209b496cfdc05dc0f36f86bd56e9841d867be3407e976ed58347,737,23,18-39,F,124.0,93.0,91.0,True,111756505301693787927833080878754790698
6cf648498e60209b496cfdc05dc0f36f86bd56e9841d867be3407e976ed58347,738,23,18-39,F,114.0,97.0,93.0,True,111756505301693787927833080878754790698
6cf648498e60209b496cfdc05dc0f36f86bd56e9841d867be3407e976ed58347,739,23,18-39,F,111.0,93.0,65.0,True,111756505301693787927833080878754790698
6cf648498e60209b496cfdc05dc0f36f86bd56e9841d867be3407e976ed58347,740,23,18-39,F,124.0,99.0,61.0,True,111756505301693787927833080878754790698
d89ea06138e2d6f2eb3ac1fe1d741cb9c965f92613153056d152bb1cfbe6ebf7,741,23,18-39,F,117.0,77.0,84.0,False,59022412450339294233794509059399203154
d89ea06138e2d6f2eb3ac1fe1d741cb9c965f92613153056d152bb1cfbe6ebf7,742,23,18-39,F,114.0,70.0,96.0,False,59022412450339294233794509059399203154
d89ea06138e2d6f2eb3ac1fe1d741cb9c965f92613153056d152bb1cfbe6ebf7,743,23,18-39,F,101.0,80.0,104.0,False,59022412450339294233794509059399203154
d89ea06138e2d6f2eb3ac1fe1d741cb9c965f92613153056d152bb1cfbe6ebf7,744,23,18-39,F,111.0,72.0,100.0,False,59022412450339294233794509059399203154
d89ea06138e2d6f2eb3ac1fe1d741cb9c965f92613153056d152bb1cfbe6ebf7,745,23,18-39,F,108.0,75.0,72.0,False,59022412450339294233794509059399203154
6164b131046841cca67dcb536dd2eb087c0bab2d8a55c2cc4bcaded2cb55fe25,746,41,40-59,F,116.0,71.0,67.0,False,69806947086987072961575487435983075505
6164b131046841cca67dcb536dd2eb087c0bab2d8a55c2cc4bcaded2cb55fe25,747,41,40-59,F,128.0,75.0,79.0,False,69806947086987072961575487435983075505
6164b131046841cca67dcb536dd2eb087c0bab2d8a55c2cc4bcaded2cb55fe25,748,41,40-59,F,114.0,66.0,69.0,False,69806947086987072961575487435983075505
6164b131046841cca67dcb536dd2eb087c0bab2d8a55c2cc4bcaded2cb55fe25,749,41,40-59,F,126.0,75.0,103.0,False,69806947086987072961575487435983075505
6164b131046841cca67dcb536dd2eb087c0bab2d8a55c2cc4bcaded2cb55fe25,750,41,40-59,F,115.0,73.0,58.0,False,69806947086987072961575487435983075505
3ad418f949ced3626caea5089cdbf150cb0931846415913f3c00c7b48cb9e0d0,751,50,40-59,F,116.0,71.0,66.0,False,70808802932747354943364008144445916862
3ad418f949ced3626caea5089cdbf150cb0931846415913f3c00c7b48cb9e0d0,752,50,40-59,F,121.0,62.0,84.0,False,70808802932747354943364008144445916862
3ad418f949ced3626caea5089cdbf150cb0931846415913f3c00c7b48cb9e0d0,753,50,40-59,F,120.0,68.0,93.0,False,70808802932747354943364008144445916862
3ad418f949ced3626caea5089cdbf150cb0931846415913f3c00c7b48cb9e0d0,754,50,40-59,F,119.0,69.0,59.0,False,70808802932747354943364008144445916862
3ad418f949ced3626caea5089cdbf150cb0931846415913f3c00c7b48cb9e0d0,755,50,40-59,F,118.0,72.0,79.0,False,70808802932747354943364008144445916862
01bfdba0a98cbca9d1d938724065c370abc3aceb8a41af9610eb29c310de8e84,756,48,40-59,M,131.0,85.0,105.0,False,46534613279351384490585982515427602426
01bfdba0a98cbca9d1d938724065c370abc3aceb8a41af9610eb29c310de8e84,757,48,40-59,M,123.0,86.0,66.0,False,46534613279351384490585982515427602426
01bfdba0a98cbca9d1d938724065c370abc3aceb8a41af9610eb29c310de8e84,758,48,40-59,M,121.0,90.0,79.0,True,46534613279351384490585982515427602426
01bfdba0a98cbca9d1d938724065c370abc3aceb8a41af9610eb29c310de8e84,759,48,40-59,M,121.0,85.0,73.0,False,46534613279351384490585982515427602426
01bfdba0a98cbca9d1d938724065c370abc3aceb8a41af9610eb29c310de8e84,760,48,40-59,M,128.0,93.0,78.0,True,46534613279351384490585982515427602426
332f02a3820ba5f507551b32b232c7856c8fb33e54c6fa37570bbde87925349b,761,34,18-39,M,141.0,90.0,96.0,True,157899842729533445288680806079974640726
332f02a3820ba5f507551b32b232c7856c8fb33e54c6fa37570bbde87925349b,762,34,18-39,M,133.0,85.0,82.0,False,157899842729533445288680806079974640726
332f02a3820ba5f507551b32b232c7856c8fb33e54c6fa37570bbde87925349b,763,34,18-39,M,142.0,92.0,70.0,True,157899842729533445288680806079974640726
332f02a3820ba5f507551b32b232c7856c8fb33e54c6fa37570bbde87925349b,764,34,18-39,M,143.0,87.0,84.0,True,157899842729533445288680806079974640726
332f02a3820ba5f507551b32b232c7856c8fb33e54c6fa37570bbde87925349b,765,34,18-39,M,140.0,89.0,70.0,True,157899842729533445288680806079974640726
8e2f66e9b0163d042b4201a12196eb78236f23bceacc1dde0e27db2d560b837e,766,75,60+,F,124.0,63.0,70.0,False,166091178973943714443120382603116215223
8e2f66e9b0163d042b4201a12196eb78236f23bceacc1dde0e27db2d560b837e,767,75,60+,F,118.0,62.0,67.0,False,166091178973943714443120382603116215223
8e2f66e9b0163d042b4201a12196eb78236f23bceacc1dde0e27db2d560b837e,768,75,60+,F,122.0,69.0,105.0,False,166091178973943714443120382603116215223
8e2f66e9b0163d042b4201a12196eb78236f23bceacc1dde0e27db2d560b837e,769,75,60+,F,118.0,69.0,83.0,False,166091178973943714443120382603116215223
8e2f66e9b0163d042b4201a12196eb78236f23bceacc1dde0e27db2d560b837e,770,75,60+,F,128.0,64.0,65.0,False,166091178973943714443120382603116215223
04d89d275b06abc0e0a07d0b1abc24a40cb3b81e3f345080449e53ca0f37c106,771,67,60+,M,122.0,95.0,92.0,True,104450679256598201767207002501967020762
04d89d275b06abc0e0a07d0b1abc24a40cb3b81e3f345080449e53ca0f37c106,772,67,60+,M,116.0,89.0,85.0,False,104450679256598201767207002501967020762
04d89d275b06abc0e0a07d0b1abc24a40cb3b81e3f345080449e53ca0f37c106,773,67,60+,M,126.0,88.0,69.0,False,104450679256598201767207002501967020762
04d89d275b06abc0e0a07d0b1abc24a40cb3b81e3f345080449e53ca0f37c106,774,67,60+,M,124.0,95.0,63.0,True,104450679256598201767207002501967020762
04d89d275b06abc0e0a07d0b1abc24a40cb3b81e3f345080449e53ca0f37c106,775,67,60+,M,118.0,94.0,83.0,True,104450679256598201767207002501967020762
514210c05e1968a51273c15c76d4e1a801cca78cb1d411ebda82de22a76c22ef,776,67,60+,F,128.0,94.0,103.0,True,37475266456970029339225374105759609094
514210c05e1968a51273c15c76d4e1a801cca78cb1d411ebda82de22a76c22ef,777,67,60+,F,125.0,102.0,87.0,True,37475266456970029339225374105759609094
514210c05e1968a51273c15c76d4e1a801cca78cb1d411ebda82de22a76c22ef,778,67,60+,F,124.0,100.0,72.0,True,37475266456970029339225374105759609094
514210c05e1968a51273c15c76d4e1a801cca78cb1d411ebda82de22a76c22ef,779,67,60+,F,134.0,92.0,97.0,True,37475266456970029339225374105759609094
514210c05e1968a51273c15c76d4e1a801cca78cb1d411ebda82de22a76c22ef,780,67,60+,F,126.0,96.0,55.0,True,37475266456970029339225374105759609094
8ec934041758edd890cd51c834e548d549a922ef2b805e6c3e12ad4a707e30e7,781,69,60+,F,148.0,76.0,67.0,True,26781744185855877284782122642893768878
8ec934041758edd890cd51c834e548d549a922ef2b805e6c3e12ad4a707e30e7,782,69,60+,F,144.0,72.0,90.0,True,26781744185855877284782122642893768878
8ec934041758edd890cd51c834e548d549a922ef2b805e6c3e12ad4a707e30e7,783,69,60+,F,152.0,79.0,103.0,True,26781744185855877284782122642893768878
8ec934041758edd890cd51c834e548d549a922ef2b805e6c3e12ad4a707e30e7,784,69,60+,F,150.0,74.0,59.0,True,26781744185855877284782122642893768878
8ec934041758edd890cd51c834e548d549a922ef2b805e6c3e12ad4a707e30e7,785,69,60+,F,150.0,72.0,69.0,True,26781744185855877284782122642893768878
c412f20563bb94f66b2be960890d8995981a40c98cc5665fe7b094a5040cb83a,786,56,40-59,F,151.0,90.0,80.0,True,97794143622813624847624149156406685893
c412f20563bb94f66b2be960890d8995981a40c98cc5665fe7b094a5040cb83a,787,56,40-59,F,156.0,95.0,95.0,True,97794143622813624847624149156406685893
c412f20563bb94f66b2be960890d8995981a40c98cc5665fe7b094a5040cb83a,788,56,40-59,F,146.0,89.0,66.0,True,97794143622813624847624149156406685893
c412f20563bb94f66b2be960890d8995981a40c98cc5665fe7b094a5040cb83a,789,56,40-59,F,142.0,90.0,98.0,True,97794143622813624847624149156406685893
c412f20563bb94f66b2be960890d8995981a40c98cc5665fe7b094a5040cb83a,790,56,40-59,F,153.0,91.0,56.0,True,97794143622813624847624149156406685893
75d33fd99f5a688f47c8faf0eaa97163d1d124af3861929fa10600193f07df4e,791,79,60+,F,125.0,84.0,73.0,False,61426883360458495646880069253636438578
75d33fd99f5a688f47c8faf0eaa97163d1d124af3861929fa10600193f07df4e,792,79,60+,F,125.0,86.0,93.0,False,61426883360458495646880069253636438578
75d33fd99f5a688f47c8faf0eaa97163d1d124af3861929fa10600193f07df4e,793,79,60+,F,129.0,92.0,57.0,True,61426883360458495646880069253636438578
75d33fd99f5a688f47c8faf0eaa97163d1d124af3861929fa10600193f07df4e,794,79,60+,F,134.0,82.0,93.0,False,61426883360458495646880069253636438578
75d33fd99f5a688f47c8faf0eaa97163d1d124af3861929fa10600193f07df4e,795,79,60+,F,127.0,88.0,67.0,False,61426883360458495646880069253636438578
48a50575c0d067781e0afec8f853174179cb1842d13d4439c700226ac20fd358,796,58,40-59,F,130.0,72.0,95.0,False,114777538249413988175883952863319530699
48a50575c0d067781e0afec8f853174179cb1842d13d4439c700226ac20fd358,797,58,40-59,F,126.0,71.0,69.0,False,114777538249413988175883952863319530699
48a50575c0d067781e0afec8f853174179cb1842d13d4439c700226ac20fd358,798,58,40-59,F,136.0,70.0,71.0,False,114777538249413988175883952863319530699
48a50575c0d067781e0afec8f853174179cb1842d13d4439c700226ac20fd358,799,58,40-59,F,134.0,72.0,98.0,False,114777538249413988175883952863319530699
48a50575c0d067781e0afec8f853174179cb1842d13d4439c700226ac20fd358,800,58,40-59,F,132.0,62.0,62.0,False,114777538249413988175883952863319530699
1cb4e85ff078dae8f0e6589887fd9f39962f8ad01e18a87257dec215cb2f0de9,801,56,40-59,F,141.0,73.0,62.0,True,103590582691186558255647767721001621597
1cb4e85ff078dae8f0e6589887fd9f39962f8ad01e18a87257dec215cb2f0de9,802,56,40-59,F,135.0,68.0,68.0,False,103590582691186558255647767721001621597
1cb4e85ff078dae8f0e6589887fd9f39962f8ad01e18a87257dec215cb2f0de9,803,56,40-59,F,145.0,64.0,81.0,True,103590582691186558255647767721001621597
1cb4e85ff078dae8f0e6589887fd9f39962f8ad01e18a87257dec215cb2f0de9,804,56,40-59,F,146.0,72.0,69.0,True,103590582691186558255647767721001621597
1cb4e85ff078dae8f0e6589887fd9f39962f8ad01e18a87257dec215cb2f0de9,805,56,40-59,F,142.0,71.0,60.0,True,103590582691186558255647767721001621597
46f4e56625a9275fcf5a424edd8aca128e663bbd63a6f9f94969300622961c4b,806,64,60+,M,141.0,91.0,95.0,True,63168981411738751628269520032574403102
46f4e56625a9275fcf5a424edd8aca128e663bbd63a6f9f94969300622961c4b,807,64,60+,M,139.0,89.0,58.0,False,63168981411738751628269520032574403102
46f4e56625a9275fcf5a424edd8aca128e663bbd63a6f9f94969300622961c4b,808,64,60+,M,131.0,87.0,98.0,False,63168981411738751628269520032574403102
46f4e56625a9275fcf5a424edd8aca128e663bbd63a6f9f94969300622961c4b,809,64,60+,M,141.0,83.0,86.0,True,63168981411738751628269520032574403102
46f4e56625a9275fcf5a424edd8aca128e663bbd63a6f9f94969300622961c4b,810,64,60+,M,131.0,81.0,99.0,False,63168981411738751628269520032574403102
b8a638ef54b33641d6f157a106389a87ca7cbc60e0b3dee56108e57a17f46887,811,53,40-59,F,138.0,78.0,71.0,False,34882045556061484081326444447240503975
b8a638ef54b33641d6f157a106389a87ca7cbc60e0b3dee56108e57a17f46887,812,53,40-59,F,138.0,70.0,65.0,False,34882045556061484081326444447240503975
b8a638ef54b33641d6f157a106389a87ca7cbc60e0b3dee56108e57a17f46887,813,53,40-59,F,142.0,75.0,81.0,True,34882045556061484081326444447240503975
b8a638ef54b33641d6f157a106389a87ca7cbc60e0b3dee56108e57a17f46887,814,53,40-59,F,133.0,73.0,95.0,False,34882045556061484081326444447240503975
b8a638ef54b33641d6f157a106389a87ca7cbc60e0b3dee56108e57a17f46887,815,53,40-59,F,140.0,72.0,63.0,True,34882045556061484081326444447240503975
f032ca17ba9edfba57593bdede10d2b31c7111c80398caae154197d34f48c26f,816,82,60+,M,112.0,83.0,99.0,False,116374144594270522458371876769895904512
f032ca17ba9edfba57593bdede10d2b31c7111c80398caae154197d34f48c26f,817,82,60+,M,126.0,77.0,96.0,False,116374144594270522458371876769895904512
f032ca17ba9edfba57593bdede10d2b31c7111c80398caae154197d34f48c26f,818,82,60+,M,123.0,79.0,63.0,False,116374144594270522458371876769895904512
f032ca17ba9edfba57593bdede10d2b31c7111c80398caae154197d34f48c26f,819,82,60+,M,116.0,84.0,91.0,False,116374144594270522458371876769895904512
f032ca17ba9edfba57593bdede10d2b31c7111c80398caae154197d34f48c26f,820,82,60+,M,119.0,80.0,95.0,False,116374144594270522458371876769895904512
3624e0ae385d9a650c13946dee8b219d56fad5cc779abe0a822fb134060d1848,821,35,18-39,M,149.0,79.0,84.0,True,149351079118499535407285698278663733473
3624e0ae385d9a650c13946dee8b219d56fad5cc779abe0a822fb134060d1848,822,35,18-39,M,157.0,73.0,62.0,True,149351079118499535407285698278663733473
3624e0ae385d9a650c13946dee8b219d56fad5cc779abe0a822fb134060d1848,823,35,18-39,M,154.0,70.0,78.0,True,149351079118499535407285698278663733473
3624e0ae385d9a650c13946dee8b219d56fad5cc779abe0a822fb134060d1848,824,35,18-39,M,160.0,73.0,57.0,True,149351079118499535407285698278663733473
3624e0ae385d9a650c13946dee8b219d56fad5cc779abe0a822fb134060d1848,825,35,18-39,M,146.0,74.0,74.0,True,149351079118499535407285698278663733473
31d4dc0d69f602348ef29153840ebf69c06059c838ba983a187b74afda03f539,826,45,40-59,F,155.0,80.0,65.0,True,660133658698980747333617750266052978
31d4dc0d69f602348ef29153840ebf69c06059c838ba983a187b74afda03f539,827,45,40-59,F,151.0,86.0,84.0,True,660133658698980747333617750266052978
31d4dc0d69f602348ef29153840ebf69c06059c838ba983a187b74afda03f539,828,45,40-59,F,152.0,83.0,65.0,True,660133658698980747333617750266052978
31d4dc0d69f602348ef29153840ebf69c06059c838ba983a187b74afda03f539,829,45,40-59,F,143.0,79.0,55.0,True,660133658698980747333617750266052978
31d4dc0d69f602348ef29153840ebf69c06059c838ba983a187b74afda03f539,830,45,40-59,F,155.0,86.0,60.0,True,660133658698980747333617750266052978
8122d4be7a82274851a65946a7a6db65c93c05c48e0a8d6733cf0ee6638e7eb4,831,62,60+,M,116.0,98.0,67.0,True,17962387663401771590695463669686119266
8122d4be7a82274851a65946a7a6db65c93c05c48e0a8d6733cf0ee6638e7eb4,832,62,60+,M,113.0,91.0,77.0,True,17962387663401771590695463669686119266
8122d4be7a82274851a65946a7a6db65c93c05c48e0a8d6733cf0ee6638e7eb4,833,62,60+,M,106.0,101.0,73.0,True,17962387663401771590695463669686119266
8122d4be7a82274851a65946a7a6db65c93c05c48e0a8d6733cf0ee6638e7eb4,834,62,60+,M,111.0,101.0,70.0,True,17962387663401771590695463669686119266
8122d4be7a82274851a65946a7a6db65c93c05c48e0a8d6733cf0ee6638e7eb4,835,62,60+,M,106.0,93.0,102.0,True,17962387663401771590695463669686119266
a942ffa4057ce4db9027ef4e6f9363a24634891c2b91583a6439b898a992fed7,836,23,18-39,F,150.0,89.0,78.0,True,120187122832679380282923933731428792204
a942ffa4057ce4db9027ef4e6f9363a24634891c2b91583a6439b898a992fed7,837,23,18-39,F,151.0,95.0,88.0,True,120187122832679380282923933731428792204
a942ffa4057ce4db9027ef4e6f9363a24634891c2b91583a6439b898a992fed7,838,23,18-39,F,151.0,86.0,105.0,True,120187122832679380282923933731428792204
a942ffa4057ce4db9027ef4e6f9363a24634891c2b91583a6439b898a992fed7,839,23,18-39,F,155.0,94.0,75.0,True,120187122832679380282923933731428792204
a942ffa4057ce4db9027ef4e6f9363a24634891c2b91583a6439b898a992fed7,840,23,18-39,F,158.0,87.0,96.0,True,120187122832679380282923933731428792204
4c80020cc4fa80f07a82b18150f9f25d9a255e67c0ffdcccfc73787b8e04e835,841,65,60+,M,115.0,91.0,78.0,True,106209013370630203614329469915316419333
4c80020cc4fa80f07a82b18150f9f25d9a255e67c0ffdcccfc73787b8e04e835,842,65,60+,M,119.0,86.0,58.0,False,106209013370630203614329469915316419333
4c80020cc4fa80f07a82b18150f9f25d9a255e67c0ffdcccfc73787b8e04e835,843,65,60+,M,112.0,84.0,91.0,False,106209013370630203614329469915316419333
4c80020cc4fa80f07a82b18150f9f25d9a255e67c0ffdcccfc73787b8e04e835,844,65,60+,M,123.0,83.0,68.0,False,106209013370630203614329469915316419333
4c80020cc4fa80f07a82b18150f9f25d9a255e67c0ffdcccfc73787b8e04e835,845,65,60+,M,126.0,89.0,86.0,False,106209013370630203614329469915316419333
a7f0e368b91395d259907fbf191c040a8c0401369ae2010d1f543e5a66976e10,846,40,40-59,M,139.0,68.0,65.0,False,58699222007612580787549460626142934829
a7f0e368b91395d259907fbf191c040a8c0401369ae2010d1f543e5a66976e10,847,40,40-59,M,139.0,72.0,95.0,False,58699222007612580787549460626142934829
a7f0e368b91395d259907fbf191c040a8c0401369ae2010d1f543e5a66976e10,848,40,40-59,M,147.0,66.0,57.0,True,58699222007612580787549460626142934829
a7f0e368b91395d259907fbf191c040a8c0401369ae2010d1f543e5a66976e10,849,40,40-59,M,149.0,72.0,67.0,True,58699222007612580787549460626142934829
a7f0e368b91395d259907fbf191c040a8c0401369ae2010d1f543e5a66976e10,850,40,40-59,M,141.0,70.0,55.0,True,58699222007612580787549460626142934829
463f7fa8c09b519dc105d38eb0929abc068d1a4d2380a0f50baa1054c9d5845a,851,24,18-39,M,108.0,88.0,58.0,False,89049495424577539474585618961763709632
463f7fa8c09b519dc105d38eb0929abc068d1a4d2380a0f50baa1054c9d5845a,852,24,18-39,M,122.0,84.0,76.0,False,89049495424577539474585618961763709632
463f7fa8c09b519dc105d38eb0929abc068d1a4d2380a0f50baa1054c9d5845a,853,24,18-39,M,108.0,85.0,55.0,False,89049495424577539474585618961763709632
463f7fa8c09b519dc105d38eb0929abc068d1a4d2380a0f50baa1054c9d5845a,854,24,18-39,M,111.0,80.0,79.0,False,89049495424577539474585618961763709632
463f7fa8c09b519dc105d38eb0929abc068d1a4d2380a0f50baa1054c9d5845a,855,24,18-39,M,115.0,78.0,83.0,False,89049495424577539474585618961763709632
b56e7719fee857f2a0fa9e8f0f45612b25afec9cee76bf46e44bdd5e6e3ea65f,856,64,60+,F,137.0,73.0,84.0,False,55045630477060679513461637134084979499
b56e7719fee857f2a0fa9e8f0f45612b25afec9cee76bf46e44bdd5e6e3ea65f,857,64,60+,F,140.0,73.0,95.0,True,55045630477060679513461637134084979499
b56e7719fee857f2a0fa9e8f0f45612b25afec9cee76bf46e44bdd5e6e3ea65f,858,64,60+,F,131.0,71.0,93.0,False,55045630477060679513461637134084979499
b56e7719fee857f2a0fa9e8f0f45612b25afec9cee76bf46e44bdd5e6e3ea65f,859,64,60+,F,129.0,65.0,101.0,False,55045630477060679513461637134084979499
b56e7719fee857f2a0fa9e8f0f45612b25afec9cee76bf46e44bdd5e6e3ea65f,860,64,60+,F,137.0,74.0,97.0,False,55045630477060679513461637134084979499
3277799393538a85c45dd1af62a826a62bb333ec0b1899da8939fb19cbfca6e2,861,58,40-59,M,124.0,94.0,76.0,True,123650826329413569217499857237149667615
3277799393538a85c45dd1af62a826a62bb333ec0b1899da8939fb19cbfca6e2,862,58,40-59,M,136.0,100.0,56.0,True,123650826329413569217499857237149667615
3277799393538a85c45dd1af62a826a62bb333ec0b1899da8939fb19cbfca6e2,863,58,40-59,M,126.0,93.0,98.0,True,123650826329413569217499857237149667615
3277799393538a85c45dd1af62a826a62bb333ec0b1899da8939fb19cbfca6e2,864,58,40-59,M,134.0,91.0,64.0,True,123650826329413569217499857237149667615
3277799393538a85c45dd1af62a826a62bb333ec0b1899da8939fb19cbfca6e2,865,58,40-59,M,131.0,98.0,92.0,True,123650826329413569217499857237149667615
c66da9ce278082381dac7e80c685844b1912e85e77f2caa9b28eae05b318871e,866,73,60+,M,144.0,81.0,71.0,True,108543299304591568843659497313807140504
c66da9ce278082381dac7e80c685844b1912e85e77f2caa9b28eae05b318871e,867,73,60+,M,133.0,78.0,66.0,False,108543299304591568843659497313807140504
c66da9ce278082381dac7e80c685844b1912e85e77f2caa9b28eae05b318871e,868,73,60+,M,136.0,83.0,102.0,False,108543299304591568843659497313807140504
c66da9ce278082381dac7e80c685844b1912e85e77f2caa9b28eae05b318871e,869,73,60+,M,133.0,78.0,71.0,False,108543299304591568843659497313807140504
c66da9ce278082381dac7e80c685844b1912e85e77f2caa9b28eae05b318871e,870,73,60+,M,133.0,78.0,88.0,False,108543299304591568843659497313807140504
517820ad7afc30e857aed653344ab02ab5c2cb3f6d4597133508b7b6abe865cb,871,52,40-59,M,118.0,97.0,91.0,True,48903583456547467950241158275303591210
517820ad7afc30e857aed653344ab02ab5c2cb3f6d4597133508b7b6abe865cb,872,52,40-59,M,114.0,97.0,92.0,True,48903583456547467950241158275303591210
517820ad7afc30e857aed653344ab02ab5c2cb3f6d4597133508b7b6abe865cb,873,52,40-59,M,113.0,95.0,98.0,True,48903583456547467950241158275303591210
517820ad7afc30e857aed653344ab02ab5c2cb3f6d4597133508b7b6abe865cb,874,52,40-59,M,113.0,96.0,63.0,True,48903583456547467950241158275303591210
517820ad7afc30e857aed653344ab02ab5c2cb3f6d4597133508b7b6abe865cb,875,52,40-59,M,127.0,97.0,87.0,True,48903583456547467950241158275303591210
62cb3381da6ac354de1783a6a2f95276120574ab2d06545de8adce5410d9044a,876,34,18-39,F,131.0,88.0,91.0,False,144294106949688261796878120907700983519
62cb3381da6ac354de1783a6a2f95276120574ab2d06545de8adce5410d9044a,877,34,18-39,F,141.0,86.0,63.0,True,144294106949688261796878120907700983519
62cb3381da6ac354de1783a6a2f95276120574ab2d06545de8adce5410d9044a,878,34,18-39,F,137.0,94.0,58.0,True,144294106949688261796878120907700983519
62cb3381da6ac354de1783a6a2f95276120574ab2d06545de8adce5410d9044a,879,34,18-39,F,138.0,88.0,58.0,False,144294106949688261796878120907700983519
62cb3381da6ac354de1783a6a2f95276120574ab2d06545de8adce5410d9044a,880,34,18-39,F,137.0,85.0,55.0,False,144294106949688261796878120907700983519
859df9ad9b7d1528e8750234bef969287fd8b91c5ca8187dcc4c3b25cc87a89e,881,47,40-59,M,120.0,73.0,60.0,False,92095689315646585418440058812536948572
859df9ad9b7d1528e8750234bef969287fd8b91c5ca8187dcc4c3b25cc87a89e,882,47,40-59,M,122.0,76.0,62.0,False,92095689315646585418440058812536948572
859df9ad9b7d1528e8750234bef969287fd8b91c5ca8187dcc4c3b25cc87a89e,883,47,40-59,M,127.0,69.0,78.0,False,92095689315646585418440058812536948572
859df9ad9b7d1528e8750234bef969287fd8b91c5ca8187dcc4c3b25cc87a89e,884,47,40-59,M,126.0,77.0,55.0,False,92095689315646585418440058812536948572
859df9ad9b7d1528e8750234bef969287fd8b91c5ca8187dcc4c3b25cc87a89e,885,47,40-59,M,124.0,68.0,70.0,False,92095689315646585418440058812536948572
d4c520a551fce98b92509cb68e8f5f31b39a59945eec0c2c1219833bf88a5474,886,67,60+,M,144.0,100.0,77.0,True,148955353694848458696523936710843108573
d4c520a551fce98b92509cb68e8f5f31b39a59945eec0c2c1219833bf88a5474,887,67,60+,M,146.0,96.0,90.0,True,148955353694848458696523936710843108573
d4c520a551fce98b92509cb68e8f5f31b39a59945eec0c2c1219833bf88a5474,888,67,60+,M,153.0,100.0,62.0,True,148955353694848458696523936710843108573
d4c520a551fce98b92509cb68e8f5f31b39a59945eec0c2c1219833bf88a5474,889,67,60+,M,144.0,101.0,70.0,True,148955353694848458696523936710843108573
d4c520a551fce98b92509cb68e8f5f31b39a59945eec0c2c1219833bf88a5474,890,67,60+,M,151.0,96.0,67.0,True,148955353694848458696523936710843108573
5340c25f31f888209268153bbdd9a1e042ded2d29dd1da8164cbf05690d79e6a,891,77,60+,F,137.0,88.0,86.0,False,139552841074358569074947051069242517686
5340c25f31f888209268153bbdd9a1e042ded2d29dd1da8164cbf05690d79e6a,892,77,60+,F,137.0,89.0,71.0,False,139552841074358569074947051069242517686
5340c25f31f888209268153bbdd9a1e042ded2d29dd1da8164cbf05690d79e6a,893,77,60+,F,139.0,90.0,90.0,True,139552841074358569074947051069242517686
5340c25f31f888209268153bbdd9a1e042ded2d29dd1da8164cbf05690d79e6a,894,77,60+,F,143.0,98.0,97.0,True,139552841074358569074947051069242517686
5340c25f31f888209268153bbdd9a1e042ded2d29dd1da8164cbf05690d79e6a,895,77,60+,F,146.0,90.0,92.0,True,139552841074358569074947051069242517686
09f9b25f953535a1713a31c17905b613c18a2a1fa1128fb5173cee93413a4e4f,896,52,40-59,M,125.0,65.0,64.0,False,94978396754396913615355531976698353440
09f9b25f953535a1713a31c17905b613c18a2a1fa1128fb5173cee93413a4e4f,897,52,40-59,M,140.0,68.0,85.0,True,94978396754396913615355531976698353440
09f9b25f953535a1713a31c17905b613c18a2a1fa1128fb5173cee93413a4e4f,898,52,40-59,M,126.0,60.0,59.0,False,94978396754396913615355531976698353440
09f9b25f953535a1713a31c17905b613c18a2a1fa1128fb5173cee93413a4e4f,899,52,40-59,M,130.0,69.0,96.0,False,94978396754396913615355531976698353440
09f9b25f953535a1713a31c17905b613c18a2a1fa1128fb5173cee93413a4e4f,900,52,40-59,M,137.0,67.0,65.0,False,94978396754396913615355531976698353440
b37a4d11bb38e74b96c964092b46bb21a643f7c14a4fb8c75418c588b0fd1d62,901,77,60+,M,113.0,98.0,76.0,True,133935873482719338344512482950738792989
b37a4d11bb38e74b96c964092b46bb21a643f7c14a4fb8c75418c588b0fd1d62,902,77,60+,M,127.0,96.0,74.0,True,133935873482719338344512482950738792989
b37a4d11bb38e74b96c964092b46bb21a643f7c14a4fb8c75418c588b0fd1d62,903,77,60+,M,115.0,102.0,94.0,True,133935873482719338344512482950738792989
b37a4d11bb38e74b96c964092b46bb21a643f7c14a4fb8c75418c588b0fd1d62,904,77,60+,M,112.0,96.0,65.0,True,133935873482719338344512482950738792989
b37a4d11bb38e74b96c964092b46bb21a643f7c14a4fb8c75418c588b0fd1d62,905,77,60+,M,122.0,100.0,76.0,True,133935873482719338344512482950738792989
118115e5aced59c5bc98c88955cbac5bc4dd6e6f93df02d4bd5e836c67789a4f,906,79,60+,M,119.0,85.0,92.0,False,37165098917590808765132804099154960130
118115e5aced59c5bc98c88955cbac5bc4dd6e6f93df02d4bd5e836c67789a4f,907,79,60+,M,134.0,85.0,69.0,False,37165098917590808765132804099154960130
118115e5aced59c5bc98c88955cbac5bc4dd6e6f93df02d4bd5e836c67789a4f,908,79,60+,M,119.0,83.0,84.0,False,37165098917590808765132804099154960130
118115e5aced59c5bc98c88955cbac5bc4dd6e6f93df02d4bd5e836c67789a4f,909,79,60+,M,120.0,90.0,64.0,True,37165098917590808765132804099154960130
118115e5aced59c5bc98c88955cbac5bc4dd6e6f93df02d4bd5e836c67789a4f,910,79,60+,M,123.0,84.0,79.0,False,37165098917590808765132804099154960130
1b2ef51d673bd6507bbded8adf687b9abdc5b57876fe720b2f03a006b5e03c03,911,54,40-59,F,140.0,85.0,91.0,True,113800209704383599788459179401747228652
1b2ef51d673bd6507bbded8adf687b9abdc5b57876fe720b2f03a006b5e03c03,912,54,40-59,F,145.0,85.0,63.0,True,113800209704383599788459179401747228652
1b2ef51d673bd6507bbded8adf687b9abdc5b57876fe720b2f03a006b5e03c03,913,54,40-59,F,130.0,84.0,104.0,False,113800209704383599788459179401747228652
1b2ef51d673bd6507bbded8adf687b9abdc5b57876fe720b2f03a006b5e03c03,914,54,40-59,F,132.0,79.0,104.0,False,113800209704383599788459179401747228652
1b2ef51d673bd6507bbded8adf687b9abdc5b57876fe720b2f03a006b5e03c03,915,54,40-59,F,142.0,86.0,91.0,True,113800209704383599788459179401747228652
c0375bd2269aae578cefb5a0f1370fc3917b3699bb67fb15aaa2f61e87ed146c,916,32,18-39,M,154.0,80.0,98.0,True,17422461736411539412266618467667112143
c0375bd2269aae578cefb5a0f1370fc3917b3699bb67fb15aaa2f61e87ed146c,917,32,18-39,M,149.0,82.0,103.0,True,17422461736411539412266618467667112143
c0375bd2269aae578cefb5a0f1370fc3917b3699bb67fb15aaa2f61e87ed146c,918,32,18-39,M,157.0,83.0,87.0,True,17422461736411539412266618467667112143
c0375bd2269aae578cefb5a0f1370fc3917b3699bb67fb15aaa2f61e87ed146c,919,32,18-39,M,154.0,83.0,90.0,True,17422461736411539412266618467667112143
c0375bd2269aae578cefb5a0f1370fc3917b3699bb67fb15aaa2f61e87ed146c,920,32,18-39,M,159.0,83.0,58.0,True,17422461736411539412266618467667112143
0c1e0e2aa2700972ea4c72c2486de684159a74b54dc31e69a5edea49540dba24,921,63,60+,M,163.0,95.0,70.0,True,105388952731741826625111599157623453292
0c1e0e2aa2700972ea4c72c2486de684159a74b54dc31e69a5edea49540dba24,922,63,60+,M,154.0,95.0,64.0,True,105388952731741826625111599157623453292
0c1e0e2aa2700972ea4c72c2486de684159a74b54dc31e69a5edea49540dba24,923,63,60+,M,151.0,93.0,55.0,True,105388952731741826625111599157623453292
0c1e0e2aa2700972ea4c72c2486de684159a74b54dc31e69a5edea49540dba24,924,63,60+,M,161.0,96.0,83.0,True,105388952731741826625111599157623453292
0c1e0e2aa2700972ea4c72c2486de684159a74b54dc31e69a5edea49540dba24,925,63,60+,M,159.0,99.0,104.0,True,105388952731741826625111599157623453292
31844005eecae13eec09b7046baa1716404fa76d2781f1d64e1547f4a70db188,926,58,40-59,F,138.0,68.0,101.0,False,153301194182620740507655857639252413712
31844005eecae13eec09b7046baa1716404fa76d2781f1d64e1547f4a70db188,927,58,40-59,F,143.0,68.0,101.0,True,153301194182620740507655857639252413712
31844005eecae13eec09b7046baa1716404fa76d2781f1d64e1547f4a70db188,928,58,40-59,F,144.0,65.0,67.0,True,153301194182620740507655857639252413712
31844005eecae13eec09b7046baa1716404fa76d2781f1d64e1547f4a70db188,929,58,40-59,F,136.0,73.0,66.0,False,153301194182620740507655857639252413712
31844005eecae13eec09b7046baa1716404fa76d2781f1d64e1547f4a70db188,930,58,40-59,F,143.0,73.0,77.0,True,153301194182620740507655857639252413712
cf10e24c1cc3673c8bc37a322e97bbbd169e236c5a4dae2186ba20e1542f4db5,931,79,60+,M,148.0,94.0,75.0,True,39261283421455589748189849802559773719
cf10e24c1cc3673c8bc37a322e97bbbd169e236c5a4dae2186ba20e1542f4db5,932,79,60+,M,151.0,91.0,71.0,True,39261283421455589748189849802559773719
cf10e24c1cc3673c8bc37a322e97bbbd169e236c5a4dae2186ba20e1542f4db5,933,79,60+,M,146.0,89.0,95.0,True,39261283421455589748189849802559773719
cf10e24c1cc3673c8bc37a322e97bbbd169e236c5a4dae2186ba20e1542f4db5,934,79,60+,M,154.0,90.0,100.0,True,39261283421455589748189849802559773719
cf10e24c1cc3673c8bc37a322e97bbbd169e236c5a4dae2186ba20e1542f4db5,935,79,60+,M,146.0,90.0,58.0,True,39261283421455589748189849802559773719
efeccafc86ac2fd4b4727c22ae6685004f3173c9fcfb3b44d1e733596a7d6ccf,936,71,60+,M,125.0,88.0,61.0,False,90170016513016498593905134051007619814
efeccafc86ac2fd4b4727c22ae6685004f3173c9fcfb3b44d1e733596a7d6ccf,937,71,60+,M,115.0,81.0,101.0,False,90170016513016498593905134051007619814
efeccafc86ac2fd4b4727c22ae6685004f3173c9fcfb3b44d1e733596a7d6ccf,938,71,60+,M,110.0,80.0,93.0,False,90170016513016498593905134051007619814
efeccafc86ac2fd4b4727c22ae6685004f3173c9fcfb3b44d1e733596a7d6ccf,939,71,60+,M,110.0,79.0,59.0,False,90170016513016498593905134051007619814
efeccafc86ac2fd4b4727c22ae6685004f3173c9fcfb3b44d1e733596a7d6ccf,940,71,60+,M,119.0,80.0,55.0,False,90170016513016498593905134051007619814
c89b8bd6f7d23f6d8e262588a280164a70b443fbe035d8f4296d6c66cdac092e,941,44,40-59,M,141.0,60.0,68.0,True,41624165433872933214725962012887271865
c89b8bd6f7d23f6d8e262588a280164a70b443fbe035d8f4296d6c66cdac092e,942,44,40-59,M,141.0,65.0,102.0,True,41624165433872933214725962012887271865
c89b8bd6f7d23f6d8e262588a280164a70b443fbe035d8f4296d6c66cdac092e,943,44,40-59,M,131.0,70.0,86.0,False,41624165433872933214725962012887271865
c89b8bd6f7d23f6d8e262588a280164a70b443fbe035d8f4296d6c66cdac092e,944,44,40-59,M,143.0,69.0,98.0,True,41624165433872933214725962012887271865
c89b8bd6f7d23f6d8e262588a280164a70b443fbe035d8f4296d6c66cdac092e,945,44,40-59,M,141.0,62.0,58.0,True,41624165433872933214725962012887271865
09a89aa38d6c17ec5873d0c7003ed13aa18f032ac1b753808406f789754d0d6e,946,73,60+,F,117.0,90.0,80.0,True,14027146953652299671611161963626671880
09a89aa38d6c17ec5873d0c7003ed13aa18f032ac1b753808406f789754d0d6e,947,73,60+,F,110.0,88.0,55.0,False,14027146953652299671611161963626671880
09a89aa38d6c17ec5873d0c7003ed13aa18f032ac1b753808406f789754d0d6e,948,73,60+,F,102.0,86.0,91.0,False,14027146953652299671611161963626671880
09a89aa38d6c17ec5873d0c7003ed13aa18f032ac1b753808406f789754d0d6e,949,73,60+,F,112.0,81.0,81.0,False,14027146953652299671611161963626671880
09a89aa38d6c17ec5873d0c7003ed13aa18f032ac1b753808406f789754d0d6e,950,73,60+,F,112.0,83.0,60.0,False,14027146953652299671611161963626671880
11a90c8eceff830d42c1875938fe4954fde42d4396cf6abb18be95b4b166226e,951,22,18-39,F,126.0,70.0,77.0,False,142290647222812462502866484406385903881
11a90c8eceff830d42c1875938fe4954fde42d4396cf6abb18be95b4b166226e,952,22,18-39,F,121.0,75.0,77.0,False,142290647222812462502866484406385903881
11a90c8eceff830d42c1875938fe4954fde42d4396cf6abb18be95b4b166226e,953,22,18-39,F,114.0,79.0,93.0,False,142290647222812462502866484406385903881
11a90c8eceff830d42c1875938fe4954fde42d4396cf6abb18be95b4b166226e,954,22,18-39,F,120.0,72.0,102.0,False,142290647222812462502866484406385903881
11a90c8eceff830d42c1875938fe4954fde42d4396cf6abb18be95b4b166226e,955,22,18-39,F,118.0,76.0,103.0,False,142290647222812462502866484406385903881
815f3e214777b8187786587391489910d642bca169ebe5d1cc9e653716a35b1e,956,24,18-39,M,146.0,94.0,88.0,True,31576033432644400045482924462531363016
815f3e214777b8187786587391489910d642bca169ebe5d1cc9e653716a35b1e,957,24,18-39,M,154.0,93.0,63.0,True,31576033432644400045482924462531363016
815f3e214777b8187786587391489910d642bca169ebe5d1cc9e653716a35b1e,958,24,18-39,M,146.0,89.0,90.0,True,31576033432644400045482924462531363016
815f3e214777b8187786587391489910d642bca169ebe5d1cc9e653716a35b1e,959,24,18-39,M,153.0,90.0,96.0,True,31576033432644400045482924462531363016
815f3e214777b8187786587391489910d642bca169ebe5d1cc9e653716a35b1e,960,24,18-39,M,149.0,91.0,95.0,True,31576033432644400045482924462531363016
10c85ee362e5b21f2429a0a96f197f43fe94d763860826bccf9bb675f4061888,961,49,40-59,M,145.0,74.0,63.0,True,22399961265188609640709613270103261420
10c85ee362e5b21f2429a0a96f197f43fe94d763860826bccf9bb675f4061888,962,49,40-59,M,148.0,65.0,89.0,True,22399961265188609640709613270103261420
10c85ee362e5b21f2429a0a96f197f43fe94d763860826bccf9bb675f4061888,963,49,40-59,M,161.0,68.0,90.0,True,22399961265188609640709613270103261420
10c85ee362e5b21f2429a0a96f197f43fe94d763860826bccf9bb675f4061888,964,49,40-59,M,150.0,69.0,93.0,True,22399961265188609640709613270103261420
10c85ee362e5b21f2429a0a96f197f43fe94d763860826bccf9bb675f4061888,965,49,40-59,M,156.0,67.0,66.0,True,22399961265188609640709613270103261420
fc529a27ee0413c7c97d68479701d5517c6af217b156a3b8105695131db73275,966,40,40-59,F,133.0,82.0,68.0,False,12245377112320185007511518207306551240
fc529a27ee0413c7c97d68479701d5517c6af217b156a3b8105695131db73275,967,40,40-59,F,130.0,81.0,84.0,False,12245377112320185007511518207306551240
fc529a27ee0413c7c97d68479701d5517c6af217b156a3b8105695131db73275,968,40,40-59,F,125.0,80.0,105.0,False,12245377112320185007511518207306551240
fc529a27ee0413c7c97d68479701d5517c6af217b156a3b8105695131db73275,969,40,40-59,F,119.0,76.0,97.0,False,12245377112320185007511518207306551240
fc529a27ee0413c7c97d68479701d5517c6af217b156a3b8105695131db73275,970,40,40-59,F,119.0,76.0,96.0,False,12245377112320185007511518207306551240
4304e5b05b015a8ad717b2018b4ba1a569173d6b6e341bc3e5c73ba50e7bb613,971,71,60+,M,112.0,80.0,79.0,False,91771811428037068578135150008981944486
4304e5b05b015a8ad717b2018b4ba1a569173d6b6e341bc3e5c73ba50e7bb613,972,71,60+,M,107.0,74.0,71.0,False,91771811428037068578135150008981944486
4304e5b05b015a8ad717b2018b4ba1a569173d6b6e341bc3e5c73ba50e7bb613,973,71,60+,M,100.0,78.0,100.0,False,91771811428037068578135150008981944486
4304e5b05b015a8ad717b2018b4ba1a569173d6b6e341bc3e5c73ba50e7bb613,974,71,60+,M,113.0,77.0,69.0,False,91771811428037068578135150008981944486
4304e5b05b015a8ad717b2018b4ba1a569173d6b6e341bc3e5c73ba50e7bb613,975,71,60+,M,111.0,77.0,75.0,False,91771811428037068578135150008981944486
bb407d981a6fb48b541711a71a94f683867ba05dee4e4774f200c05a24abaf59,976,74,60+,M,122.0,100.0,105.0,True,126821648420191866619073942871734606507
bb407d981a6fb48b541711a71a94f683867ba05dee4e4774f200c05a24abaf59,977,74,60+,M,121.0,98.0,104.0,True,126821648420191866619073942871734606507
bb407d981a6fb48b541711a71a94f683867ba05dee4e4774f200c05a24abaf59,978,74,60+,M,124.0,93.0,74.0,True,126821648420191866619073942871734606507
bb407d981a6fb48b541711a71a94f683867ba05dee4e4774f200c05a24abaf59,979,74,60+,M,125.0,92.0,76.0,True,126821648420191866619073942871734606507
bb407d981a6fb48b541711a71a94f683867ba05dee4e4774f200c05a24abaf59,980,74,60+,M,116.0,98.0,70.0,True,126821648420191866619073942871734606507
1445be46abfb1125a88c7ff4d71c19b174c7dab45ef7e726629fa87068733ab7,981,40,40-59,M,146.0,97.0,58.0,True,160364370343358201847655446494554254990
1445be46abfb1125a88c7ff4d71c19b174c7dab45ef7e726629fa87068733ab7,982,40,40-59,M,146.0,93.0,57.0,True,160364370343358201847655446494554254990
1445be46abfb1125a88c7ff4d71c19b174c7dab45ef7e726629fa87068733ab7,983,40,40-59,M,154.0,90.0,82.0,True,160364370343358201847655446494554254990
1445be46abfb1125a88c7ff4d71c19b174c7dab45ef7e726629fa87068733ab7,984,40,40-59,M,144.0,92.0,98.0,True,160364370343358201847655446494554254990
1445be46abfb1125a88c7ff4d71c19b174c7dab45ef7e726629fa87068733ab7,985,40,40-59,M,140.0,89.0,64.0,True,160364370343358201847655446494554254990
443f41b24e26619252ff495fc536558d4c0f14ede7621ab741640cb4cb717654,986,21,18-39,F,132.0,74.0,61.0,False,14936962820524564867586806475992592775
443f41b24e26619252ff495fc536558d4c0f14ede7621ab741640cb4cb717654,987,21,18-39,F,121.0,76.0,98.0,False,14936962820524564867586806475992592775
443f41b24e26619252ff495fc536558d4c0f14ede7621ab741640cb4cb717654,988,21,18-39,F,128.0,70.0,81.0,False,14936962820524564867586806475992592775
443f41b24e26619252ff495fc536558d4c0f14ede7621ab741640cb4cb717654,989,21,18-39,F,126.0,79.0,97.0,False,14936962820524564867586806475992592775
443f41b24e26619252ff495fc536558d4c0f14ede7621ab741640cb4cb717654,990,21,18-39,F,128.0,74.0,57.0,False,14936962820524564867586806475992592775
270dd78bfd51261f413bead89dbd7f832725b98a744b76ba41ac5bbdf19db8c4,991,50,40-59,F,148.0,62.0,87.0,True,23478575716619557472080098587874496164
270dd78bfd51261f413bead89dbd7f832725b98a744b76ba41ac5bbdf19db8c4,992,50,40-59,F,154.0,69.0,82.0,True,23478575716619557472080098587874496164
270dd78bfd51261f413bead89dbd7f832725b98a744b76ba41ac5bbdf19db8c4,993,50,40-59,F,150.0,60.0,58.0,True,23478575716619557472080098587874496164
270dd78bfd51261f413bead89dbd7f832725b98a744b76ba41ac5bbdf19db8c4,994,50,40-59,F,157.0,61.0,62.0,True,23478575716619557472080098587874496164
270dd78bfd51261f413bead89dbd7f832725b98a744b76ba41ac5bbdf19db8c4,995,50,40-59,F,150.0,67.0,63.0,True,23478575716619557472080098587874496164
c366957d6c5077410a4c50d9629815aa8206a2c198726ea91d2230236925988b,996,74,60+,F,112.0,84.0,102.0,False,154379180008942609685687712004689703380
c366957d6c5077410a4c50d9629815aa8206a2c198726ea91d2230236925988b,997,74,60+,F,124.0,75.0,88.0,False,154379180008942609685687712004689703380
c366957d6c5077410a4c50d9629815aa8206a2c198726ea91d2230236925988b,998,74,60+,F,119.0,81.0,59.0,False,154379180008942609685687712004689703380
c366957d6c5077410a4c50d9629815aa8206a2c198726ea91d2230236925988b,999,74,60+,F,119.0,77.0,69.0,False,154379180008942609685687712004689703380
c366957d6c5077410a4c50d9629815aa8206a2c198726ea91d2230236925988b,1000,74,60+,F,110.0,78.0,100.0,False,154379180008942609685687712004689703380
