subject_id,pseudonym,salt_b64,rut_stretched_hash,nombre_cifrado,rut_cifrado,schnorr_secret_cifrado,schnorr_public_key
1,04e8adcd04f3a29cc87693b3615f773c88b184b14437aaa12232b71a228f4528,ji93ZayQWK6ubCFJfdgA0w==,86bd002cba83f010dbd86b469d5e5d8e82c3bae1aac7999d023d0a652c60652e,gAAAAABqxuogSFKRXewqhrHhm3gvvvQ6-StdQetHz1MBhdPf5PPN94gkKN7d8ktKUbYEObTyc2eCyUJyMPk9_B-JNi2t-fQPd2quYZqga0GPDjbcAIrHQjg=,gAAAAABqxuogUB3KsFsrvFv8onlxPWxqTKnMAkRAtKEFyCHYUKOHIWL4lrEw8SZI0MmJ6wfVNSx2MSNmAHKgCaMAZ8BD33NRLA==,gAAAAABqxuoghIGacszV66KzkclmtFDzWpiRnyLeJ52PEPen7DlzVdJULPCZ_iRxG-8WN5ItYkPqyxzq43Ts-zxzajh1CqSuCGod62uyPrH9mSQzjWArINOiYKyLdcHTNZEkuENYwv4j,106225543608064699841462269377016466275
2,5a96feef0225f248a7f7b7dddb828feedd30b8038ab2f4897582505346f2f338,L7VtkKdBJsrnmZvC0MgGUQ==,94d39b6374a6e3dc8bb05260014db3174478f21e68d7240fbbca7384d057195e,gAAAAABqxuogpr8ckKcP2sEYdGi1Ug4he1mIPKEiewi7AmLHeeo-VMYP2yCzDgNmripWBt7f3T8ibR01lDPYgBFwrOWW1JTxU9JBESMbpBTVahsbQj2HSlI=,gAAAAABqxuogn0tjgvhOBg3RyqBOiOeWdFXU6QwKe4ETybWG3F-HzP56bT2JKjyxp4gN_85ApAR3gJNAJj70yQ72OtiU_JWuKw==,gAAAAABqxuogGHISyhPLB6e_J_MQS0I-CYBQnjiUGaeTMmfgE3epkBjSGLJIYnyRHpudQgWVSLfWKo09Y9W58_qaE7fUaAPot8OLDLbGm7Urftt50dfrIyDyTN06-ECWwVCYldGxRp0g,123210008314436672534164651501331224070
3,66591940926d84cf54a97424dd35f72dad2c0f16d24b52cfed158d60e8727470,lEcNLiaCH8baM1GCdVdX8A==,454784b334bc748e527e06c6cd65d4462c113c9b0b1522d8cea0dd91eabb6574,gAAAAABqxuohLfBoxyyufBzmlAj-0KQyKsbMoUW4gMePJeJ_v697z0q-GUFZcL481JWQMcStjhQ8RQfZ2gN3T7j8atcvo4zv9GiDpgGl0S1AtNYtuIRg5d8=,gAAAAABqxuohOiq5Gl1QcCrs_SLGUkqhStIBX3-QDTBuCQRQSBkfDJSunXysh_Gq23ZBPxzvtak8lK_V9CleLvRKwfFjuqc7jA==,gAAAAABqxuohOExJH1x2a3SJqVlhaWMS_ZFvvZc8orX7OWiWPQTvHU5WhzaKqY1gq3gU4-m4v8KhE1jM2croXJFg0_U5GLqZLhjVkpz0PyyKqpto_TuW5d5j4EI8l8ZrlWzwjOqi6jPn,85936159123753648053683807313197428571
4,90c853e7297e8e9161caea8c164c2ba2067fe04a67e86db577e809d16f11d429,yNcbkNgnkW6GGrvYh-57kg==,fa015cf76ac88e118627f12c6377145434459ed2490d49a467a451b80856c87e,gAAAAABqxuohZx60_ep4DuOYd862CapA54pzv-0cz4BRaGXRpkKB5gnNsyP4fAUKY1dAJCEeN73FW2cuKCoZBRpjbZZUlb6BFk1F6JmBEYzruMU9wvtc-34=,gAAAAABqxuoh8upwiULCX85fd6QyvR8F7R4VsySBLZ0vE1Mfa9Pgs9JiNWRYkUYVtRe_CkGtU7T2Fr2M954N5Ql6U3jrKJpVyg==,gAAAAABqxuohJGZvuywgeTGt4B7VMGrzQBFaP_ODjdcxHJWzCSNHdl9-n38TcmC2nAR0SrSKpKOfldSm9GDgTt7piI2md9Y6e0o4xcpYtfOVE5ekx1bWSJM0Zy4scwRkg4kli5ppojej,61268846922540482216358943099331589483
5,088ec194517d4802ac8732c210dae7d7cb71faa389ec874b43c11d58d6c25764,F94ZyJ6__yU1sQiyFJq7zQ==,47aa6fc296abf243aadeaf33842ae14028606794660c7911dc05f7ba8b4d3e82,gAAAAABqxuohLFmCL3lUwFve2yqdBzYXx0qp8rgG7Hvthw3LJ6ztiybPulXaP1dZO_6tkn0EeUEvTVkZPSnD5_911gGcTYNb75Nfq2YU_-uVd9Y9v-BlabE=,gAAAAABqxuohUz3BbFTnMX0G9vidSJuP9b-0TPDDGJiTqkHNfvcWqRx4JIjz_4SdFVQcRqA5wlocLnMQ1k6a34ym_DD6llXLlQ==,gAAAAABqxuohz1youKwQyecAMAjo2ZtQKLm1VfRgWOfuhgW6WQI_kn0Ubpy1Lg17PSzHkv4umCSPuUrzwrb6bQpUESp3uCj18cGrE2T7VVWKJLQt0TbIbYS_zYpFo5E3I-q4UTk6k81d,52096872901831082671295965987340208474
6,0c5d218c0eefe8f516b74f1d9de2a02cfc8b7f88f9c4d5fe956f3abbf99902c8,fV2S32tD5Fyx3r5Dfq7LBw==,133c8a18e66719b2a7cfe84a78e899357da0e0a8d991c73a6d9c78278a3637bb,gAAAAABqxuoihxXCqKR1q2k9zBi8UC8fhjNN1UY9w0gbp1PmQy6oOtOfxnRgHQyXho9fEz6BuZbM0lw1RL7qQFHzHGA7dnAnNMsP_rddTiQ9NSegCawypkM=,gAAAAABqxuoiiT_he4hIzycnLQZYLw3pRWsrNxMmYR3aqqQ70sgTTze0jNZ0OQWbbN8Fy_q-zVo2vSpwaIi5x9BEuKszqvgV4Q==,gAAAAABqxuoi-3HPvxhvbQqmPbh9f-8Dhfb9RhyjXDtH3Xn1boJanB6auKady50NTBwJ6JEOS9Ml3TZXocII-7FrXO122OeXQB_cOugAbmAxk1DuDoeesgrfRuWe030xvDH7-5MbZ0tq,77784013636838508164751893489325223194
7,266b05addfa366c84494d6e55e1696c10610250650aa65bc64a2f0f74a5119b9,fhU7AfOW3CtlHTqsFeTSMw==,ca18480bdf183f28e2a53e5ddc770293d2fdf87477b97d46e6e45963c8d01464,gAAAAABqxuoiOftVPcOPlT0-Hio8n8rQCgohdmIIHvnCGyiJLMI4zLN3PslEdliYZTuaU0x-Ph3sD7xnSYYzL0q7ViRrqdevh2GjQT7jj9wdcFjlzQ40PAA=,gAAAAABqxuoitPGKxAUiwaB04g_g7dVjcPSkOD8LRvaAQ9ekeDX2dxGy45OAc1K8hK2XGiHfMTQjNjVJ65A6YEtfHqBNmE9N8Q==,gAAAAABqxuoiDqXbuzpgR05UFcUhmSG9dzcMuXd5IQp9sjx8FFGxFlXJjbUe-Wa-VhhV561vf43BDfvM4AvBuE4e7gzSKfN1BshZ0WlujsNb6GcOnPooq6LUmklZEBZ4uriEikLnxm6u,93654098405494761442358616882835995472
8,08f59390aa854400c4928db6b087bd9e728036fe8c384ed2d1ba8f5c50946827,LzcjTaVAv_1Pcve8mJdIsg==,aacb7ebf2a59124a31eaa5b82a4bb410632653cb13bb13fa0d97366196663525,gAAAAABqxuoiLoXDMZk8hP9vI1TgrwLNi6vWUQhSXXE1OwX9PGvXjnG3vdOz3f9qN8TpHK9xYt-7xVA8f4P-U-Q20aJPymu52Wa_tzmhoeEV4gH14Xd-V3w=,gAAAAABqxuoiXA1JcPjFO3TBVtbngevnjtEepw6quJshySLO_kDWl597h-QEvm_K316huYLsdXyI3ID1fvC1KXul_l0ysTOr1Q==,gAAAAABqxuoi9McpjxJSN4GHRYTBLqYFp937SjTDeFZIlp3VgYiD1_362-bmssRdP-etMb2xfemR7QBfk9SQAo5KqfIz22j0pxzx0wDh87YZAl85QzSqcddzY4cic9TDpMQdfEQxehSI,7043433976312898153604767274378257591
9,dfbc81fefed50336935228058585e5877b4d2a57b3ec902e7e19d04cb79fe154,fG40Z6-CeHQFHpJwmEqAXQ==,b6b0ceef60ed5861f87bbc566ffd73767a592bfb2875de701a91cdd4f9047c5b,gAAAAABqxuoi2XCAe_RZZRKRpEBi1bn2m7TecrTa5FTLX3y_WyhsFSG5fCq8wCP8x3BEpiU5KoQ1H4qhJiasLZ26QIrNVgj5226b9c4VL1JUZraizt3FhM8=,gAAAAABqxuoi7Bcwn-9KeAPRk_c7b5kp4cvw19i0iG1wB2dxNYgrp4mdxXkirRFbeV_wNDvsCLCxOWFtjV3LDr9os2Ygh-3PcA==,gAAAAABqxuoidqfEl8epsESxj9WLKm9WaimVk_cB1f_vZgSqPRvzb2B86APR5lXcOlTwnnLucJPr5bRREJg6IVQQBo8j4KHsURMPqXRnscpIFcX75X1UIwgZ9geQ3lGRKtvccs_ECH4N,133312992465060621700231694837557179919
10,5f50e0fd44588d68fabd58813b9acc367586ea87001244ad813927120c1ef633,ELP0oGFt-Yiy6y019_Xlrw==,6cfc4cf7c6d18a6d809cb02b667a91913e2769f32e4bfbaa1af1c7d7cbac0adb,gAAAAABqxuojEftHjWODosksw6JSeBG73ocnMfnyAEVLDUq4hMeERFt7trqafqna_hh6o7FAwO2lDBsvLCjjjMDrinnoAPwOzUF96t-zMeSOPErhWb-Od84=,gAAAAABqxuoj3_046mWrpkmGZ2Jwehs7_iZdtAz-3fv-_WCXRfkT8Erapx2cPYYRNqLXTbH373P4SgWF7irLzje09zb7Bjf1ow==,gAAAAABqxuojBQA5JSo3kfMXbTjFXP7sLPzjZlukUHl3Lr_BOVyYM1j53yqxJnP22UaWXsH4hmwyrnqN9-THKhgYmzIQWzms8hlFzwkJxPsOXSQwmW-5K5ZjUJsFiKXCxvsdSXSvaGUA,134567064023799749667021224831268346227
11,fc9932fe59f3c5d254fe48f2655e3a2f69f9ce7581b7c01957347d734fec8aac,odMTdBZGIaNbJZXjEMvlsw==,6833c3f721968acc47a641ae213519435c42ddd47e3e7001980bbd595638668a,gAAAAABqxuoj4U6v35BjEb7EZGxN3fdL4op6EPqW3CeBe-b3om6A8BrLjZRY9VA4V-rUCv6CrCgQLMm5pHqxseqNaqMoyBxs5casc_AYea993jchL4yX514=,gAAAAABqxuojgaUSchhyMJZmBF3DaglR2uCvFPL5ZqtuOFN9ZpVZFTk9SuSdC486X-D1VsUJOYw01L6dZmsbBUqB4kLY_5p6gQ==,gAAAAABqxuojjDKwqfZjDhe8uhxdqqISAub2-wu463eh3_hEZWMpWt8ammkchsZgHdLHS2B23bMH7wOjf5adFMjdB-_msycgC9nJMTN-AZ0TdBm-ICJ_zN7AJT3TzbLrAa1kpQDKNDNm,112301749814698878399976152303463759548
12,5a544b66fbc4204a4f1c911387097bed913a663c867d370e9dd196049ffce896,IxRSy91mh6uG4cvTqFCHSw==,f9a6698ea95c5541edaeefa37665c7de9d7caaee9104e6ce948fab06d3770846,gAAAAABqxuojq0WVM79RrsuyhEeZRYYOjGdcjTcu0-JGQyjnQpuLOtJb-nMT4jnXiPz2eo_FtHXEkdlwIp4Hml3H4pOfriTBhmWGrA21fJPFL3NIzz9TVP4=,gAAAAABqxuojoZorFW2eWbSfACwcIdg2mrhqXYk8XP78INsXKNh_Nmu_nxVEAMQTd0s9dvHbJdiTxNLp9mf5Yz-my8XygYKGxA==,gAAAAABqxuoj1DqIGa10PE0j9tMSroSus918yu35T5Ts5uGY9FmjlByxkxjAQYjZOkvbZc-B9-6mCe7DiststJJHodiyx0Wkn84xKcHMzPp3YWHWw6I7ZQfVNdA56WPlA17FhapO-EAj,77057682055279432927480110948781140258
13,7360728155c8b8b220b5a54014cfd5b9c64262ce394f5a9234cf14349485e86d,-RfyYVWzZegNlHM485Pz2w==,642c892407cd80f904e3984d17b485600364c7150f5fa696629380e7d284ca83,gAAAAABqxuokVqpn5X3MwFGCOp_JUNi5tKB8d8-XiPCEhEk4K3bVK_MFJtGx21VHMeXjPIj-_ftWkda9q_o8ohF3LvlTMmAxBx5sztwp0BW_zfVDi5r0SHk=,gAAAAABqxuokLP82YUwK5tEqbb8H-0AAGEdBFd2GepMibiIXYqjskjNGl4y_FZZfNq7FECALTKELMSqh5eTMmW8Q21-XoNCawg==,gAAAAABqxuokUgSpcnzk7IzxtDcJFylD1olyuOHqNBDZPSRIcdsviCwgiS_mKKpPRix7LNJaXfAzlllFP6mIf41vZHsvC5f4sJco8UOwrJ3yvEPVVeNizTI2CZaMlEcNONn1iVe9035q,154515009134134240132786109045805655453
14,67ed844cec655ad0e440700c772a9a6f0cbc85722a10ab27297a6141be15ea72,heS0zPH2KUU6Sj3fGDUhtQ==,500f9c025e5897608161b3da343297a9cf47ef1c81fab5fb06badcebf4e954b3,gAAAAABqxuokXrt8k-16xezP1Kqsmyk4j793mzM_g3rrv7AEmN8ZUEfd41vmdqe8WQzLDCfC0CDhzn_U-TZALTP-0SHrVaGlMNGucdBrL5S-QqXGTmoU9h8=,gAAAAABqxuokLOgV7M2XM56nNxrxKLrnaJx945LsIhsJvkCa1ut0IYMayC9IAKMcCLO6-zaS3UBNjCbjcatYcxCocVQ4pZlohA==,gAAAAABqxuokVc4FAK9p2ycEAITdSNLRvU68RkQ_SL-FDcLGBMdmrbLQLJWRzo5rzsvq9GIKBo-CPrje7NPRpnIXP03Up8zyXXdgb1oA08SlFcxgGfwuET6BCXJsbACa9cMHqKa_ecrH,144455702784163888756685708953200669442
15,2caa084ff57a3c9bf8143cd4184a705379d17dad5ca9c70debbb7d1a28aea089,x6_NWshQgonFGMClWcgT2A==,7d57efbd8f03747fa65717e24c402c36fede4bd93784576e357573acea8a3ae6,gAAAAABqxuokdN5xD1AXwWy1pqHpJkou7fItYo-bdN-HcnKSo6-wtaJ4Io40WhygwwpgmQoaK8EMW6tF7zqxcheewnVCdmKcf_ybQ_PdlUaim-FVTWVAfqs=,gAAAAABqxuokh8vZlO3Rj-pXAkqQDCTpz0YGEYF2Yu-fDVVRN6iAKLl2CVbY8wtyY1_r_Lp3k9VeD8-Kr7nrVbW1HLiD3iFsDg==,gAAAAABqxuokPqACR9CXnY5y5vcKto2KY-Tg6L_0dSbU5rL1t7TJYDTivjpP5IHY-byb1BLXsbv0mhI79PvT-NXEO6slL1KeCFIammlrH21v7MYCuhpuX0--dJKBh2QJLsMNFuORyn9h,4106053512782381389966860164319342879
16,1d3ca2e8e4ed71015981463ed7e5af48cf036df7bf186c9077ff02ed350ed48d,LtvcF-MkYq_u6vSdOiyN_Q==,1a8138bbb2368e45e5ec406b3e4fe65be41041291682cbeefecb1abaeec4b032,gAAAAABqxuolUHhoiziZVkUVWiCADE5QSQSsJvJUb2uJfMF4pVgzMJaBO-oJh0BX7K94hp53-JOjard5nFn332oaGj3oECO3YDY9gkAC7ez-qAozI9gZrj4=,gAAAAABqxuol5PEM-jY_g7q9l7HPg3CWj0tBDmnvnPhImL5MlgWBZhcAQmjM5_EdpvfI8eYYFc-J3FO1XHF6mvmhIYrRrZBiNw==,gAAAAABqxuoljRZJmMqQqdw7ILHJC8uAPXmCawIpH79nKuO6JEwwjlL8YbuSbf3GyL41yhFCG1owQYv15G_NKSN9mUPLEjQUXFPJ2Ek27m1vRgMLp0-NbltH5wTSHnRXFbxTUqFSDNs7,92095762877435430506141152531336373777
17,28f6ab134accfaefc8cb38e8aebe7b62449884dbaef1c172d0be72dc3964fd0a,zqzb6M0wiASHgBvBwXZ3Yw==,e6eb15a5dc88b021c6133b50e29d16f4c544f89decad8b7a8b16542e98a79091,gAAAAABqxuolX-v549gpwT4WQLGz8qEjmPg4FyOWfvUXhBRgWnl_MxVnE9RMq2TyzurMdFpzMWMl_JnCZUzZAsiU6YPzU3QssjAyuxfh6Gop6p1_ky1TEQE=,gAAAAABqxuollzvVfiWtT6F7HGnsKUjyJ_LkNxbBZDuXnpglgXjzkMh7RvdXlwQmId-pso3AFfaEmDjfP4yDS0QX4jSpe4uJvQ==,gAAAAABqxuolRtQpg5L_PRTYDBXXPaAOKZJjnMrU50CXsvIfF-PbmUNLpX_J9774rnYR762hUWpSvH2vMqbGrB6p04ilNANtdhmqKlKUBX2hxMz_Fb-ZwZY32qTxl5_JFf2KQgaSmL0V,50927998409594399407741916100226888659
18,bf91138c1b59819ec62e8a5f82d6b1a167113d5f58ad9b946b55b4ee314764c6,thIqtc3z5aKfeRhHQoxjNw==,d93ee6586c7b2c9d3c7fa92a5fd33c735a3b2584d82330c6e19a89056c468638,gAAAAABqxuolQU9jUPtnC--CUpBeEnVadO3Fq1QrcLXT1rQWUno7Yg8Y2BJjqaA1lj62RjawzmAi6y92k9FQ9A2KfCrAOIbc9ZZM3O9bszm5lV3HN14LI44=,gAAAAABqxuol0HECxAYk0WhfuGNo-2albTLpEAx3iZIBNS1bTsX_8J3Vc5qKbKVbsfuuPv75Fb26J5LGHpAzmQfiYpP2lGn5Jw==,gAAAAABqxuolzEbENv-4YiBVvDZ800i0aimmgmr3h0o6jFVzJhAM_grNk2ANmm3gwFVxAwO-cRE1Jy4vfzDpbMN-5ksNmo6Y34N8IrzJnKMPQEFFUWk-W4srLlGfrO77nmgPTH1AelrV,20339135605049623632420604922422460378
19,8431f0b03c18b2ed484e8004f80a67f3efb4adb84d70358efd79237be891a8e4,Fpl91CRv0Ntz4Px73Rb8Lg==,39f08136267911e19ef129bfd062e4c5af703d5351383206b8973d91aa0cd8ea,gAAAAABqxuolkr7H8syUezenntPqiv31akv6ntvGGUOki9h6Al7ozVfBV5burar_QYbnqUqPaodQtorTUKW8zVY1R2Y4OXvAHAlWx_z4YWM77-PUO5HaVds=,gAAAAABqxuolftTghl8Nx3ylx6yMmriXvTZqz_Elm7xnQCg2CX53-R9_mW0Smf1eQF2lPlLI7hNmlMVaj0cCtaOuGTUepvuE4Q==,gAAAAABqxuol_ZVfE5AHMZXr1t2GJKalhpGQ7HCTWrvpMJzg2my2y3SuYMVsCiU_wmhDk2B3lPM_3qv-6_JIvZ6ZnKl3usmsCIfOx5ptrpQiN77s7prcTm_xM6rulCMdoVzK5aKJ6-9R,2837589255426601919283295102002781605
20,d6e6486a8872bc12cede9d440d3fd5160c3d783acc1c0af2149b976334483701,g7wBRoPZoCQ3Aj9EkKCOEg==,6f8767b167504bf6c6cab8a7a72713fc6a5986afe9c6fa6a3a4b2ac75da56091,gAAAAABqxuomUztU9cPLFKeSgR9-su2qjb7JhEbi_wzJL0i63D7zUP1M2ci--G8KvvJwzo8gzVSvOh3CgXT5YsOgs9zwU-EjofKNiTMq8Yz_dn1qvOgKd90=,gAAAAABqxuomTB-I4AX6cq96WgjQlOd7IVtqFwBJRG7HHnduq4gBhcPbm4stshg9cmSdux1Av9XAYNKJPODLU8aWpCCHYnvF4Q==,gAAAAABqxuomOV_gkxR4zspnD_ZYU3MlW2VCgTfi6_cUW34PDMXPBB5y0e35wSnSoETt8BiYaJQNyo6VuiEATpr_2ybvdkWNmaUhVy5YG-n0gf4SBbuPUyR0xhvUNC-X2EvkWPgYO-l5,53215171165897884346735450890823996798
21,2830e6e29d48e73bfd72b38202caf96af113a8767ff411b47e328ca825b5f20c,QRbZoq00I3Q472E0RMZxHg==,c4d2608152bd00e2a16b35c750ea9f3144272dba2be867db7647d65cf0fb0594,gAAAAABqxuom6ebzPnhIIFN2DGASWTRgWNciBQkmq5zHkVcqNhgYfjWU4SpohT_KJOPfspPKyLn4_mbp4_JDqXelik1DYm1klVqJjd3zIZhOBo4nbXioom8=,gAAAAABqxuom6vXr02WxtUb6fKWWwiSz4oifqFbmZ6RqhU-JJnWApuw-RDizQIjKafK9Y8yQaJ-ggTsALxHiS3KjayxMW9YEgg==,gAAAAABqxuomx3jTskTm0pU07_Vsx6AWjBm_K17ApHUDjUV0_BTc1gjssPjwEcyk0wEJRZmDp-DIpLRRhK_pD8YMOXdEzamithd1vFEHNKY34SW6avk-l1ftMTkcBO640AIv5kbEa0Sa,136356674200307642652988660147373703927
22,9aaef483c18147b083cf075bbb678571ed5072326a0e124a720edecb6029ea0b,9E73hEv1AMH3zf3ESf7yLg==,a4c518b09b1c8d21444b0375d9f9b80055076c87642e778b7c485693cc5ba033,gAAAAABqxuomEa93u5RPF_QhWIEgM_gKqUdG5VzAuadBN43M6TeODN1XS76eOBsa7FEPkLG9gxiRv-UH2OkAo4Vd_C88ud8_PhUyGVKNz30R4QqZtw3M0E8=,gAAAAABqxuom7xnJWm7NA9I9Ks8dDcealNx6WXN9lbZfqYRFu7tn-Jv9hVtC6_GEo1J0D3keQCykhpdXuSvHPBX-mVXrw-R3Dw==,gAAAAABqxuoma5CFtMmrszVJsj1bZnNZcQDvKzd9fud-vrXk9BNU-1VPRQTKSfPIfWOn73dAww_ygM36IGqnE8pQU3Ko5bZw3WQex55F3kg_r_L9qDhBso1CKorgX0Fh-klr-OK_xAj2,116162991273604220613898990613316903586
23,7914542f1db1beea74e5efadadc0a1f5cdbc684d26b4d55d0e469043583c52b8,crGM1lUtI8Bwjh74jT-IFA==,da12f7cee4c31bcafbbdab166f9e50a3eacd8885c268697baff5ba44fdff3524,gAAAAABqxuonyReA9dtRRU_7klxJyhVmfxMjdGxhhCDOmntyV5IfyBISFKwCrqJ9AAwGtEk7a3r4cP4QD2_rlgWGwhBKMcuSUDANlTKtcxu0ttJpJlozj1Q=,gAAAAABqxuonRHTWKq_MMAgYuEATdWAyUZZswBXPaHQCjzP-pjt-VzeM_C6S02vfQPnSSWAHh46Q3E7SU4qCAa0Yv5s9xLdsTA==,gAAAAABqxuonMnlN4gkq4GjWzdLN0MYO2o8A-mJAkYv7ZCWiRrEExGV4HAekWeDy-a48njyj32rZiJNy6YGm2oA_169yMzE1otjnvvEATngZOE4SCUFecxxZuZLmu5T8cIcBaEyiB1Ih,75520724916007925264865713983836001525
24,26e386d52d44cea663e2e15d483b96780c602604583f70099753d63daacc8d51,Wrj74FSUSPtF2LJYdZg6Ow==,b0a7a1f399f94f6358a8b403b10b16dfe9c19a23c5b503523591a55d59728fea,gAAAAABqxuonKUPWtTJf9BKg8OelDbbLUfZyLrLsLKPLcGRRvgdLd7dlZ0Xf03WLpN1h_uETOnSupjQC7-OX3PJ1rso2rjDfU2XO-Vc0r8VHgJD8B-gAOpI=,gAAAAABqxuonxNBaKVaBoPL_aHkJ6D-jbm-H8dK8BGHVXywcbd1lRLJmAv7QBRfyRYJyrKWH2VMUplicDdW5V7TubeDIEFEsWA==,gAAAAABqxuonmpZIkPfYaAXPwjsYIoa5AAHvYi1r-1t9Zc07DTfK1q3yjq4zt4kAC1QC4o-2OcNI59zItzLU1GltA_J7oLgVuaTEhFskduCD7cjjusOX5PeGBxo7PrS5oKXLcKe3sdkV,152180689974361803997467270118582048657
25,4e84c60b22e05a5ea661cafb66e8468f77bb9e6c53a8705b6a860e0175918c97,YyjnvR3po3VtPjGPXLi9DQ==,15ae4eb59ea6c8ff2ae89b2cdbc6919b0b8d22e15c3688b12a41394bd86e93f5,gAAAAABqxuonV-rvC7WOZJ7mLiZna2XKhYIJnEsYfFRC1sLStRCq6o0rDIfAxprHzjfkaUymkr-_15z7pwojteJ-c7lXYAF3wjJ4P7Jrz13hL9ky5QlaIaI=,gAAAAABqxuonNEZ6MI3JHt0MUvAe_sTfTA7mlA-P3IdpYtMS4bo9CLu7YDjnRU3xu2oRdQQAFoZchhK_a2uXfIvjOnG9byjnDQ==,gAAAAABqxuonKG2S8-AfD4eJc-WmL8oTkVauxaBN-5MLr71NZHe3pdkooo1IWOLH5jw9rNx1HmymW9rRZTStGNJvlmk8spm-08BFVXRW-bZyJaiZeHXGqPYJ7SUjDJOOk_oivtmg6g6m,162447349323756138332174346316842290462
26,be41c2e23bf8c63695652641b643ff707cdad13dabe91890cdd808d9e5872557,AMe4DfjPC78QjLfwYBgpnw==,ed82c486a6e69e2774e6635c0dc8353424abd27c66ec9a636ba073ab8748fd8a,gAAAAABqxuonvZcfnqOZm0HKLPpl92mSsusynjROAjgpG8m0KfTE_LuLy2SX73RRYcx1mo3xMg2Qai35FyVLYaf53mdNEZArZ7mKEDHFX44JyOxtlPq1QBQ=,gAAAAABqxuonVAdvDbFss8QUM23jeGWgkhd4bEGiSfvE6hkN4BkS4apWkINAPH07IRe8FwDnFX8FnucDHqJXIbiaLCpqrZN4jA==,gAAAAABqxuonPnNdI4ASq31x5xEcIcaeeGbwEdMviwnW48OgrVasTMHvByACB8thr9PBVj4z5F6XGXeLynhsDXQb95mLCg3S6PmHpVYGq8VXAvMcvAoKe8w8L_NFj3DDuura8v-ys1oC,166090362833948697279963398643677170678
27,2596d755b109929c3ef0326a64f56edcd4f9536eea2e23ef8f3a988bf1fa1f6a,JCaDPmc1SJ6whmbaIQ5fKQ==,a2bf7fc679a0fd2349e19c7adb7ce407e21b3b5dd7458d6dbf73021db0c74f7a,gAAAAABqxuookCB9JKUWeNLMatb8g0Zf9YTHWLxP73KuzLQVhdmjiPZqggxBNjjcJEhR_w4_TqxuHdcMa2OyzBmwc03EphnUxaDr2BhTaQXYYlsYrwvWe5k=,gAAAAABqxuooyiBLytkl6klE-dsgdsRBxqV_c3JaB1tWfUD58WclTe8mORyhJHBHrE7aGY0H8OFpLg5rThlBVrB5y0atNMOESw==,gAAAAABqxuooyzitmu0FZFBuwu02UhBfs0R8jECVPsseQCYJMTUbGOWzCzOSXDPx5paKfHrgBzrsRTaHnU7J5Nnf4e1Y_uImVzCmCin0ncBs-_NUtLGv6Abm34xj0EVP5c9OBlx5vFxJ,1173517154193933204531080652666108959
28,8fa3f22ea6dbbb4ab93fe11414d6445d2d6a20f3f5997979c4da548be898b07b,Q3OO9WPOfT4ucIpCUAUawA==,8123920f87875ef8b320ca639d28f15ffb4a3beeeef734ef06c16d1a32ac361a,gAAAAABqxuoo2KEj53kzLnBZ-MsStUynAe49Pt4ZfdcMIsnT7Dp1zlZM2RhoSEJF1IBaom0xkl_4ZgQrX1DjjURbeQPJiXKeFp6Qr5nav0h6GAXMLab3XRQ=,gAAAAABqxuooEA_KwINREd1VRR1NOZvHMC1ZPEH-5wGa0uCb33OnT1ZlaaI7Vmkf8JiyoNULXNMVDq_vSkeNGMFU22teXwtv3Q==,gAAAAABqxuoophTIq50eJsjDpYfo4LfuIVgRu1__7ifIcTyXVUypfe3q9crrAsEIT1w6oYmC2Htc-vmnm4UHJDSoZMqJcoT2BuJt6gZLi6to2hnMnfW7DdA7hvjelBz-NR2z05yAiRI6,125262959983184501134215432351767126578
29,f21603f1914d0e8dcf9553b7627a8efa8ed128a46396edd1196266c90b7494ba,oVdFybv_zllLSS7DN_hr7A==,65b2ca7035bbf8f5b261c077b1eeed333fe639efb4f61d096df79d8d63e8dfbe,gAAAAABqxuop8BtahocrD8At8QgB-LmuuaNM8e436MhlG5PD-RZ8xGy_Y5i58GGAsmmxnmIRGwY6_S8Hf9yDM0fU8QiQtELAH9QYQSwBfEN5sEqtuVyK10U=,gAAAAABqxuopbJN2al1qKNS1KwZ08imsB0rH6INc7q2d9HxYLX2szRns564kusXCCT1neaOAKxATTOBsSIHcTQWyEWItGOQ7kA==,gAAAAABqxuop67IHDtzvt_jhmFatsRG-fin5GmlEbTdeaBajxcgZe0pHRkyv28d7m0Nwqe3EpVRZi3VNTGfj8zMgFfIpjcA-LzZGNfZs-sr3A9Yxc_6l0c9dG6TxLzLMZWWR_dn5zw2V,115482781346897882943403239976303784471
30,200ad0af8c5026f7885306d493e3b6d6bc1cf2b6e9c88897a6346111f40a479d,K-n4nwkO7LP0QGP5N8SrCw==,fdea3dc1c274c5e935e29a978133a1e164a638017ab7e4b8617055959cce4f6a,gAAAAABqxuop6oI3hF_42E76HmSZPuvfgQm_jnkZ8qcglk463i96hejkju4-lm4-lPDvqArQomouVlDt0A8FSyQIML2NXJLLtjTpMLnVRtsV5thJCoLGeLQ=,gAAAAABqxuop3GEHwe-NLCqTemC07vR_mjRaQaz3t5B1l9YNasmtcjEUZFT7u6TALBOxZS3pI0yBBlbhxnb24VI5P3hCHVot4w==,gAAAAABqxuopCaYcc0MKvNuSRQ_sLsVhFQedN9OhPmut7lkimiHpakz31ur9X8JfTZpLcmyiCH68yqS6g-nPFUK8x4vJUnydicT3afe0Hzq4Mp6ysjVqTzmdOsJ8-T1im9djQcj_BC6I,85823057035735030196330424917533449586
31,d0b2c5789fdc0450d4c71cc64bfa401475348471ad467f78ad42c47d8eefa995,spYE8b6NVq-OEnAxLIFdUA==,cba9ea6838a52e33def94a98df1c0ba742e4ec0c06ac04e17e8c31df2e7e67bf,gAAAAABqxuopsNRQDO-LA3R-3_1Pim-oSU8Ok30U0mPJkkgCyrvIlCOGMLJdHsQKOV62O869-usvtTMoVEL3xRf9rpoFYLN9AqHL6Yi2S0gF5kjXEjYKpZU=,gAAAAABqxuop60_oc13d8wHLb1tTCA-HGc4QPYadw9060hbDzyg9SY7HqQLGUEJkRSXIN0fsRjAHI0YDYohl6D1MneywDB9YSw==,gAAAAABqxuopupRNBtcOcEHQArLn7QyvhcU0NTLshvVNnRFoA4XoEE6e0bMGxCsvtuzy7Z0992yAxrJ-GNjL6bkAiaJmDWvWAC-6KeEY89klyZj_IzcI0bNcIJdc7LhXRG61Fgld1_Db,163171557600178243639039940405445805458
32,d10f0e1ab1d037e20fe276b6b02895ebce27e8330caff061599d3cc85426c2f0,fer6lg6KC62ZbSSma7LHkA==,d64ef407a41bf7afb40f6645a1f5a3e6fa1b49071601bbf117582a8761b36d1c,gAAAAABqxuoq-ngxMhP9UbY5E75yGWZJ3aQmtsQlcYP8UY06Yj2KAJ9FnkMPrW7HWvwWhEZWt118AZfKXoEIj9YGZaCJBPu-F2-gyYbDKcHDqYRwibId-nQ=,gAAAAABqxuoqr12MZoz1p_sOP2doVKWj6qc2Vf1yDNctVS6btyjUu789jK_449phpeLDs2EOoq-HwLM3fcsszBf3KJRlsY34Iw==,gAAAAABqxuoqHGZZLy5-aVSRy03H-kmpk-jkWCRTJ-oyUxx-CSjJPghqYfnnLJV60mtVwWAk9B35I4e17RCw2tBmn_B2FU0iqTvdQOES-IjDV69duoLNOuOXOrY1DcVnsURspApBioZE,3180525458394809691012849087135313962
33,0ab7c6a6bbde902548373505ca8be22d4807c43f39a8cbe610266ad502126ba3,ysUyCFWtAO7gKC1H1JpE5Q==,bd2670ad33d9b5ac0ae04812d9ba9d0dfb9034f00a349f6c34ac8706dacc8e03,gAAAAABqxuoqAvfqadU3__PB7sV3M8vNh_tpkrLdkoj2IAqdMAPnzdE7fNww6Bud8dmzOpRPeKeVWB1_qOeIG7_BwbKlU9gPT87YpccrE9kUdxbgVlrNehk=,gAAAAABqxuoqqNwX7NGLiMeQ6cQtmjP3XMmbhWgiZ8HX9XWXmucZX1Y3orsa9jS8ckUBYjVSQP9z3KQ4EZoCJYLHPEpCVmu2xg==,gAAAAABqxuoqDdHIAGC86VojWFVeTdmh4d4X-Q-3CfdCZjfXIWfjAQE6Yx7jqq9sTvh5MmJxvd7ELpnaGg0ATcK1u8rG43Qv0YWAQk3euxOd1jr4mFnziiALKT3Yio6KJKJGkKGueT4U,87822297644857320921357725595389694556
34,fefbd19032a8a54d92acf3211cd7c9511847b6fcbef1d537f42049a56e75d2df,eak041pfbN_6IMA6NCjbWg==,46bfca29574be74b6c237aa4609768cc338618b3d90560d756c64b0cbb32548b,gAAAAABqxuoq629MvG0fs2A6IRa1dDEwtaO3O9QX-Bk1_oZDpfJlNl7I0mIKcSwWMJXbt8ObglTIRacq97HGe543VFM4-3zVDZvJB6nMb7Wr2lrcoqRvdj0=,gAAAAABqxuoqMI3VBPmv4BZJOPjIT-QitPe8odDj21k5cegCoFQVFLmpVTMzBjEdw6qEpU3PcKDbUp5Kjejo4PdkBBpzBfzQMQ==,gAAAAABqxuoqzzeIMm9fsSnXX0tnimshAMszrFOlhN0dqppyr6n7n5yTjkibdij6Fj_0tshCaqvl9GDS_VFGDNsyoYggsGeVAoAa-yp2E1tVyZJa0U9psuDxdgfJrQdASJyOUNX885Hp,121671844788398416398010601374307240734
35,a52548428a920ff2be76fe7daf0041612477f2061d42826c88f7a4052821d055,zJgoQl5pg07bcS2AD3qRng==,8d24e7e53e7b6a5cb048d82797b7467b1320cef6947ac13c7ca99d07b9db7f6a,gAAAAABqxuorezIEU-Ntj-H-SCO_fFTJE2DwIIFe_38UZX2EyDjY5I-V0aDVLlgqodcbA-yvq9QHd_b36lpw9GxU5cw_RoZmtdEH0zA7De63bpzfJCkqBUc=,gAAAAABqxuorgH0nbkCUOienA2QUmVYl6980EzwzvzSHsqmKaP3W22rXjbWRb-wWfvYp3yW9liwiOMFP2VvCQ6yXwMy3Y3SD8A==,gAAAAABqxuor8PkOyzBgP0RQUsCnN2PbMj_W2ymEA4JhQgCtSjLyV4BU5xAa52HFJ7ZrnAwrcnnteHRjSloXLZNl8pFlnbEIgaBGR3HVbaXFd9iBIqYDPi2hvBvdVCe2i3v8SnzwQy0k,157321131841140580232308291744137204235
36,e6fc80272c74852bcf9d424ca050103a132f1d23cb3bd3bde7405df37d891d44,basRLKGsVDNKS7DN2mRPDA==,29cf85db91a6bb8b78739b4dc6f38e0ba20f3af87cc283801b99f73b3cbe1793,gAAAAABqxuor6sh1lkW-R3PYG4t08rFUvHRNMJYGu7ropJ_DTAVFAI3HyQxUs95ACSXCoaywubeMUy2evRJj_JK140XfixscCiNGrskeLfymLIB846CCDNQ=,gAAAAABqxuorcUsut6aVMrAi41-DGHUCKKsyTMiH3_rGSJkP-5c3RhZDLrV6bNhF2AZMAtb9bXus3TTY7XfL8PgnFu_PWiDBcA==,gAAAAABqxuory1ao_h1y0J12xCg0fLduV4jRsLL9-sA2FXs5usB9f4ZYtyc6nJTe_z6nuA4lX5THM545kVFa-oyxWWsWM3DcMIrBE3rL-IFewjo2p2OKtujhUdoY0OZa-ejTwhTcdzly,157863643989965809234158061525411427994
37,fcbb464caa5782071e41c1bf5cff7a86f602b72f0a59b1e43cd4a374d2abe31c,sDRpJD0AuYO9uanfFZDgNg==,4b08304c335c98b9fa68fd0fba119cb33842c4ab1b66fe1ec0dfc1e65cbf49ea,gAAAAABqxuos19MkkNa_nOmyWZO8kBN9hdTB4hsGmqK59tdBObDG3Hd_TyA-2jCxqNb0sLCL9ZAmapynQCUUwWu66AQXL0CGJ2n-yFK3V86Gk2RDK4AA9Ic=,gAAAAABqxuosskkEEjhZiWyuPArT_TqyqTyCrvs3wYWGvklGSEjq338Fut2OuhMVKMS9xQvVk_H13NgcPj7QUM_u89Afu0jofA==,gAAAAABqxuoszJcFJKFyFdDBaqFjjLSOkDxxo_6LQjHn8-3M24U7aMF78C_EmEYAc6kmgIinZRaMY5_6BF6aUmtUIE1TYpiD0ZK7fKKz9Ei1ewQWTafFQXQUDQIrCZf2-GUlVREP83H1,165113020550547618000037551965936550974
38,97a62c0539aa93421fd86ef4c20fa844679b9a059616266a77ecade08f4d3ff4,l5PmYGJ_B8TKJSDubmRl4g==,a1d2a6bba2fb0f34a642f8e29b3554a5cfd9576380bd5b8df1facbc6bbb10675,gAAAAABqxuosHj5gfnXodwxBgkj63wQyV3G0hcqbea88PainAn4aKrHtljXDiWYDL50uYUn9Qpc9vIUvDciwahZEV40mUG-LeCYFJ6QTzDg627f_Ixn9dLQ=,gAAAAABqxuosW8gLZJbf-f2HL7MXJfnqJuQeMnDeHOL_Lp-Cca_udnTx3nm62IBSMxQ2c28TeDkcga5UVMP5QQzeAngunKht5Q==,gAAAAABqxuosr3r1himnMCj4fLlT9qs-RXR7h3fLLxmgZevjcZIzr5T9fcznz016IB04M0B1uWBmnJZu_bUP7N2dJ6W84uks-ZK_XyRXimxQSAWarc15VIO2RCzDRpv27rkGMpUPMMhX,153613023151966560603152049565306064712
39,d5fcfbaf6e7f844501ccc3a566bcacfe97774ab0b65d822574def11b782e9fa3,RSU2PyML-lWdy6fRBsPmtw==,f7076a2823a233bcff1d3b1a48ab5abe177b10be2cccc782daa190b062e9a69f,gAAAAABqxuos1SghNoq-84auAqs4hXFGpogEe7a_17NcQSqgOgE50rwgrqYndGS8H85xwMdlBeuIdKRFIpP70-Sm3aO_asVaOY5Q2Y_Dvo9iS4EyWoD7rF8=,gAAAAABqxuosCU8-pTKvpQ4IFU2KI3OoL3W0VVwwkH-hFCHLc8sY1nSbdVX9KL0NBC-0mQMmITUgt8IulcQ38tJpmdHvtIQGAg==,gAAAAABqxuos3RsFZwV9TOuIokMLjbi9bweT0H13EVQd77z16QcNm9cyYwtrxlOcvAXPXsBdyzGfYartbF5uABw1FxerN_cXu5G-hNBFmzT4dmELc9b2i_OWKvAaND4mykpRdGYbrwbz,128159870045367102520942441782241457723
40,4b7aa12d645b03a54b3af7e958984ce2f52e52b974a57947c517389d28394773,dU6aGutC_1SECmN_18hk1g==,a0eb17b84119420298f774c1431146287670e0ce8e8170f6f49ca89efcad4578,gAAAAABqxuotPRNI5fBjqTWrLBG4H6p4ayIRL7bXuX5xCjKsB3F73bdW08mfqEjxPKslhl060iO5ZARRtXGgnigtaFMjIrpfqnvH_kgcAAfwq2TtM4yLjxE=,gAAAAABqxuoth3IAnB5HS8ubDlcKsN_XQxQNbI8I-g8jDYhFj5sI4258F2HPIuwLETCqAn62nZKra3-RpjWy-1LvRT_AGEX05w==,gAAAAABqxuotUfn5PM-sJJc_bxTyszoI62k_PEO7rJCgWg_2n6Ql4O986Eu5btX48-254YaO7piPlv1YjlbwiM56Yy4B9j9Z2u1X5DiS9_S1f7omlGNvtkJfaeMQK7DXHjECBOuFs2ly,168706880061980628517445581126866293627
41,1c456448d124544a09011009c244e96ca4042266614eb8f2c8899e930ec26ca7,twhlZJb6S2z4eLlFnoqJwA==,e8b8cc90f3118bb7ea56e2c7dcf85b53a096adbda6aa6b018a179a83bcb2b749,gAAAAABqxuotfqKYT2eeuIYtCz7czMhp1AiINVLZ7jSuSRw9qGhVvZamyLtg7jJfK2StSDY3_DwSsrHub1DjI8L5pRyuTOrvrPeZl6OLMCp7fvyf3pc9GIU=,gAAAAABqxuotpsJgpuXbJFjtlbV1A8BSgj-MNHIbKh3XmdEkUpcn2zbyevky1LPXqfgH9DcxaSEUPtA09asuG0ZpYWuVViZVyw==,gAAAAABqxuotxi9x9Pn7iTl80GY0PlM-nPwquQE6rIjZxhyvIMQVO7BbXejuODrPVk2dRnTjLAHla3vjqP1A6vlJzqhJW0y6xjuZx7Dtemp-xBY5MsGaGgv3TsYFJLKO2QlUAEFEDwUl,9090605321753877027869810918513110767
42,966454bfe862cadd4d2c60e26ec99612104e66b5f3b6d28c851f406beb16b9dc,l_Kq7fb73TpQe5X27oIh_A==,afcfb85a4516da02906ca4397414a51326d496dc46d89c3c8e67bc838c6cb752,gAAAAABqxuou3eIaAYN90376vnWZnfOzy9s47WdZjTPo_fmuAzPt0_3qsE6ZqkUr1dnj1knnJesgjVD_H6tGGc7tjbApGK1UHDCuvQdYMCy1RzmEWPbO4qI=,gAAAAABqxuoupTy15zRn2jIMzZfptCfwgP63ca2AXmmaPOn2ajjn9FIXesTYRjRlWmAvW1mLGCW9HCxFa8ecTlyM2Nq8nKtwoQ==,gAAAAABqxuou-RuqkdO6Umz36NBjdgwxO4LezVzSGcQeai0M2xfBnfkch-MgBtNPY-u23pD1-8rCUdHj0wOvYrSlO763UDLQhY5kXDeR9cmHIMWNZh37kwHqiAOa_a7OilqrzIiKiT96,40765542638099224900146920412389426314
43,e7296e38641165eb9a4d02aa9d7fa526417cb1e16c1c664a7d04890e34a7a610,w9Vy2HSXgZaxNs92h_OXzQ==,56603e4653b0dbb17d244f9182d119001348739310292eff4d7e86b7c2740ed3,gAAAAABqxuouI2NRCKDNrEiBAcj3AycrOhS3P74rW_ndqOaNI9ioQmRVudjYIB6K_a-YGcjFDhVpIuI6waFjCvcz68qowDn9fud3OcKDnzSO58ZBc3Cbu-M=,gAAAAABqxuoua6ZEFNL5ic8Rzyo_4xSECWgDLr6fn4d1GafSU1rGmDh-BuODwwfdzHycuVvcUUCC6L5ImuSAQRfuPG9hXmjmPQ==,gAAAAABqxuouLGVb-guagb0XorMeh40qT0ASw_sqSkzDOZ_Me4HhzcgeCD2hCzkDUE5hivhCLqlPyQ6HbuxuphneiJ2hBOh4gq-RjY9vEYY-AP1Uq-8G78EkMdce98MD9MKFjMOkCI7b,115834620598958075914719321676985046955
44,c4c2a2f259d89492688cbf1cd3413c9272ecef0b42d7934122a544179d2baf85,lw_vGBK0oMempBLVw5wq1w==,3b502fcd0422a9036d91efe967d2f20578b1cabcd4a2ab35fac5b955031ded04,gAAAAABqxuovUExgombUlcUVLLE8oGxEFPH2pc_8a3Oh-XutNvw2r-T39EHkvx07_p6eAUi3CYMsRKl4dduoNis9VBhWAy1YJx61AmEzOLR0OYL4ifHfYpo=,gAAAAABqxuovI9l6y2DiYoOZBdBDzFL9elVJ3ZrvtRleNcXdQdkKOzzbSku1gu0UdUcw8kFn7hGQlM4GNpcUNp-vRrZFnA9uBg==,gAAAAABqxuovti55Bi5ZQaT5HJyMXF4rCyNyj9TVuKq6b5RMwUQPWKIqJbVHk-G7mz3E8MUDtX5VQFkC8bYEzGEoWIH-7e3t6PsW7Ax2FSSARMb4OJBZEztGZ0zg1IfZ6eI_0sYVE6fo,23455820004882777377993660611067651129
45,f41edd007f8aab2c6e9854faca599b6db0f7d373297403ca11cc2747b49b6252,3ExceyGXWJK23c2gZCF-LA==,4e08c3590dcc887409265e59f97362156395a7dbddf72193070252fc77c42072,gAAAAABqxuovf6u3FY3O-DTcTxl0E4GGzebO8Rw_r3rXSp6hxq83wCGr8ZXhXPaauaWSwE_g4-LqdAstcFkjAx46tt9dMxvyOh0uU99EudjZXipMPJXd3oE=,gAAAAABqxuov28B81WMCpCJZxLSKCm3mxOtUX8w3Hm9d7KRl696K8N6oXwYBpDcGqmRVR3a3jCwS-SF3Pi-hORq4_OP9rZja7Q==,gAAAAABqxuovrDvNdO6RX0gEiudJBKDXffNsPAfzczbkVqOQagP0sWDVg2r0ksMZLIdwiYgjppL5k32zL2NRyaBdOf4VDe95jc7JNiGAVIRieItR97dc5gm11_LREyA-iGS0GFPI1jTb,112891730596551775294640390705641721659
46,8c681c9e9de70d49f5a990d731f3b4ca03e72b6908e0bb00a3d3f16a23e6faef,YHZvm_-ZkLgTvH15rv7Ldw==,f5d1138b69b869f2602545e4915aa7e573989e27c1f25e870a9952af87fe57c3,gAAAAABqxuov1hh_zFbSxJ4BDn9nDseBwPHUS6zZL5wp8elqvRT1vW1Hy9JJa4AjH69ONvuJqe7oX9kAbA14wvkwXY8lT62vrccWPq2UCiT0z2EEKqV0KpM=,gAAAAABqxuovAcbXPXNgRs91hHEFdlJEwBhbkmUcv75TERKMFRBfON3DNeJ7NHMmNjZ0qk8ot_H7PMPZSGkwfhKB893xN-BIWw==,gAAAAABqxuovvDm7pgov-yjEut8PJBMSOszz2UtllSdNM8VnBhv5ZDmOh-U28AfrNhuxfGxhlrSIflvk36ax5xd6pz6lMakV4D05SDdKt3TpK7IoIqePaV7hjy1jFko9yNi6vZexnCWv,38178628589312975175555510736406013930
47,10a5251f270d85b5ecb069ee22180fb817732fd0af245428df58026fe58f1c01,KMBTG7Q9rEDCrJLT9hfKrQ==,aa7bbcfed97b32cff4a62d3f18b9d4811075b3efdd1be448a6db6e657c78bfe7,gAAAAABqxuowVYPekWU6EfU-2uMi_FJW6GreZHQVBUAgHWdrQOSl4ezg-a-3ZJNjoi4YCAjSBQW3mLLrj43pRFvmep3SVdrG7EOI-gZjWc3jzsquyn_I-GI=,gAAAAABqxuow2Dk73Mqcx9FuwTDi23m1wNEAkQA4ttTcWsr07quHHUVGeGWarpnQSS26WkRijDl0IheB00Sy8lcYsiklo0ti9g==,gAAAAABqxuow645aLu1QZUNAcQvi8Fjm3PsdWJQOYieuktCNgq26JDv2gPZ7-W7Hu-hBAxRImftubVTODTAT-ffzube55tHXXDOWxI6SHkbppTn7wmvKn-bGTajeEnLdVXHgA8T-XNA8,121811786014778397723504727188543886566
48,703ebd4ebc37ec2bf9900c5687f504552a195044dc32810248aabb7b1fff42fb,QLShvFEcXk8DJz3UeKeAVQ==,06d4bfe2abdd74d49efc02f3256ca1b9670638f9838cf97fb1bba18769a6d1f1,gAAAAABqxuowgv6qTkEjapsgLR617LaB22tKHUukANzySgWLdLOqZ1D0Qvi0nQZzkhs8AdqFGrs_A_bZvKgRrBVSJndlfu0-g1juT7eXaBFFP--5IY5tYNc=,gAAAAABqxuowr7UYdbskKHtK45VInbb_bv3gxOsl-E8kfnMYgO9FcGg31EmxYedMVEsAHYD9I3j9XuN6bJHGTxxtgNv0etIdJg==,gAAAAABqxuowp5NJtGAq7TwR-3YFtRSZZtaYMfU4Q9zpKrn61nfjsl8HzxJax82q9ZYVa6R_508AVrdr-7EohhmvhIMWo2v58UJZzmcE7mfRDaBUEHSOxelqBRL7pGABZUKsmCB0S9qZ,145405776425329401902040730703114944989
49,76cfddd2b6dbc4785dc8203353dd3ffc9a46a77d978ca0d64de5f4ed371a2a64,EhylKZN20LiO1fSEH2sifA==,c6ac5f348ecb680f3bafca2278c7c16b34955fa312593b50791d9471e3b3a328,gAAAAABqxuox-Rvy4I7UNYVuFu0FfTIVJWj9sPnifwzdMW7ptCAvJfHMlyjO3wi8CfDzKUMM6J3hSTsBREXjo4M5_mymURNCXNjkKfd31k5Z_OnTZq-BDTQ=,gAAAAABqxuoxs4ww9A3W3yoan9im-0pwrVZXEBYOaWQnJlZ7mJHMOokZZJFWz0q0S4R5H4v_dUZpXWRcd4bwikgg6Fz-9P6vMw==,gAAAAABqxuoxHAnFe-U-1h_LntKSDTbWhBs5tLgViJxfJjYRPLceR-aC_cX8QlZ3_xReRhuaRQ-aYyc6cZDrpW0pNCiq4LkgctR0MkdbzJI8h8QuYk0ovbZ6h2aFE65D_KtE8ctaSYvS,28950760052393881639092164915194615365
50,a399518f8df4cd576575efd0909ea3ce127c813a7ca031a3ba7a3e941f67a016,pQDEIaBc3rkrRUbjJjdCGQ==,0d5bcd11aff920133a7c98daae5ebf2ac9d118cb0c0fa830ce40d2ce9d17436e,gAAAAABqxuoxpoYCFaXQEFpG6g_ru3YeXcYej0XYdLFvI98oLlsXK5tfxl5xV7ujt64z4ZbulgA54M7Mfw3u7VJwK5zPgqsc8yzerwaCiZbC-PP61AbFTtA=,gAAAAABqxuoxHfpBUDdu4VYcD0cMc4L3UGSyE0CwvTjpAK56dgPmm4eXr89ItZvT-gULI4d4Nr7KGnMI8hlbXvbyQLvK-m2uQg==,gAAAAABqxuoxJFQsesb9sa3mCCSEYtRFuJMGpir5RqFl5tksBVy4LIrga2cbl5PWKYatt4HfnxOvWX4UuohvRrCAQl8iRqb8QLMTTzF8bFitJtxdgKUuUYNZRs9X2dpWWkLqQcsGNYbC,84751426217629141158777627095494325579
51,1d36a002abece7e410217882022c0d62af40f01eb4e6888632ff33b4ea73eda4,ZVuE4a3cXJzRr148JOd_iQ==,1494947ea21cb4bc32ceac92e47e60d42e6a5191ead671938936c852144e31c5,gAAAAABqxuoxbGriEUXzb84Tt5SecvfCiqKbQ7RznRw3DkGI1kF_pKfLFLA_uwDmin5b30uN3TE7DyOIlPEHRjGNU0SlA9as1S1CeNCNvlalXR_XZAIWyUo=,gAAAAABqxuoxGoesDfvFaJYKti-CMawHRXgDr8tuL5gio9V4boio_xU1dn-knl7g1BlrtJw414x9N25Nq_3TgmjlbEoPZmMNfQ==,gAAAAABqxuoxoaE-Vf-Smpgx9e1suJL9CV-_lyES5TZtM7Ykri3HqZjVXrc9j1UjGg-EfaTgM6EcP82eVmaLPfiRhSNzBdzX4grB6dKQiIBrkIWkLXhGd1irUI2iRNeFptGpdUt4a0FP,86852163893452491205419139124155003461
52,f71feccf9f16abe1a90f1961038c4f10e7f721a0b3fa92764601d847ed96ea18,7D5G_o59JaHUeHTJIACm7w==,8a009bad989455ddffbb203b50e7748b200da98830452132f6e69a1c52c28686,gAAAAABqxuoyqtAMTUXMYKG8XYgKsYkKe3F_KBVyaQ0hZ28YkjPbX2S3DCnuGF5ddsdOABi2SHFEaDJt1HOW1oyTihwH2F7tQ7oFOLDOBA5eZZMRqgU6Eic=,gAAAAABqxuoydi1JsSUlerspXUyhXZ4PH0k5nPgaeyKPu68TNW_3lRlvCMTDDXpdlH3imJrCFPG1alBkCeBdDCx9w1mxwDxuWA==,gAAAAABqxuoy0ziqANSLIaJrQ-blMv9ifBFWAfK5vuQNI80D_CPGuB5LuUC5X11n_slpHylOpamMub7jBYIcH-jJjJGHPZlP3j0FRSG-lZMovJbIPew28ita7BW1tsEb_V77N4VQe8ce,54507056171927010450112452924015550424
53,072e997aee85911f74212ff679c7cc93495807ef73d23e238257c9f835d69c75,sxeEGEOZizRcZszipSpeDQ==,ab4e729a9086511add88706dabbffe73a2ba23b0bb8238028766ff2a7e60b656,gAAAAABqxuoyZOFtHSOIHIZkIiVwZ18hc4Wc47_PDzokSezOJ_H93Si0zHDT-WEs3YQR0CgR3XubFOYY3vcCgR_CR9QbIlDysSLqmP7ECuWSEgAJ_3yeLhc=,gAAAAABqxuoy61eUdAyWlNexYwQfSFN6wa1oUpJtRXKshafBZ2zPKWTIyR5tiRmxMligEyqw23PciPerFvR6ENvxdClHSvqGWQ==,gAAAAABqxuoyxP5dAL1NGup5o5JQlQ9FYeM9PAJTXiqBUFL4fVfxTkk-owkS6S6YA96mR1oEQcPDOrbjRAC4GYPKyUQ_glgTCI_EIZ0uuEqRAauH0Hwzl8oyHXKMclsvQcPJGCbTnKrE,123250714000583167462858485709356155150
54,5a28549de23cc3702e3fc9bb6876a10554d9ae4891753459ab741842a2722c0d,BTmpC3K8ICZVsGhuZ7BAIg==,51094aa283de0411ae73816910d25e60e3c7f6cc7bfe95b1255a9d79925dc183,gAAAAABqxuozVwcJcjsQh8s-Zto9rGJc8WATyoSZ8Mh8tYzljXIlURQlHWFkHl7_wQ6P6S8kg2tHLtXznDE5Sgxz8ihos8yK5ngUbI5v2lB5iHwAW-OGcCg=,gAAAAABqxuoz1Nea0A_Aeha4dbxOp_h16wfhD_zJFP379PdnBCCY_lXKIFHZvLcVOz6gVkOoz8ka0CigDD5emW7Bk9_bQ5wREQ==,gAAAAABqxuozWv3iaZefmdMeYygEmNdSBwqSRmJoYIPzNpQyXflyQIqsPqf51JZniLtny8GJJCRPgFCnCWRXfHS98jhne8K4WnCm1UKRLrsOx1AG4B8_6R3MPyQgNtbk5mN75ICszKhC,111987017638637526115464445091874096739
55,30edfaad5cd957018c216ebe3948d90c80834e93c1216fbd7c413d45cb99ae29,cR4QDiiPi89QApTmnguIRg==,06120766c2272650b644ea9647c3b977cabc59a13b7bf5be79a5bbcd2f4066c6,gAAAAABqxuozawsM_mnHof_lJB34I68LGLlp4ODyt_2cJHb7djLoCe7MpQCnZRuXtb9sdQPeCokrdba24AMm95PsoVIoY4ClLYSrr5y0Kw-N1SlIe4ihwVc=,gAAAAABqxuozjnuh9LKrtUJA3W2Avn_yCbpwBj7Rg2iKqqfSUX-80LwFwO5-SLEGqUyMolWV6YQW6J87UTRfZZylvcD3Bvz_ww==,gAAAAABqxuoz9n1tLVYx_EBSdw9ZsTCFvowkjaynQfPOTEMxS2uKJ1WjcRJ1CoVZRQL08jVYrScFsOiRRpX2UJIVDCXgqfBvJua0XAQlVo8GmDjP-PXSVLkniZwD1Q01w7CLG_Ytc1C-,40855453539962185035675456735092550575
56,d1c9b8c8314f85d00eda57f388bb712243e311cd05fc2833c44be77b80fdfab7,k0GLjbeuMQ5LYVcgp0meRg==,5ec420f3e91ac357d38ff815b76a7a6997101066bedfdfbf0cb76fd3b80532ae,gAAAAABqxuozQVggtGWLe01rN06NxyDhBhVR8ycq7tmAqZHCIM5p3rbFq5fnVtSWy5OOEHj5qyqTXlBaREHZAGrI85QJRf3Wm83UJzlfiYbBYLQJ08cVNEM=,gAAAAABqxuozoA29ELuKOZSJRDKuaO2gZXtwpb-gSmiHb82GgtP43NY8ey4ogGwVG_AzzeabbvdU44TjmT14zaFvXR9ot1tiYQ==,gAAAAABqxuozN-OcTXwGMlW4Op-RJYdjEb7o86DCsb7YnDVKDoy9b6A9NIB8gclmOMNF1smJdWB2buD2y13pKXe_lPgcXGbwjP_hBvLAEMqEvxz6cZide4DkFeDAD2GSDfD5ZOS8ONXr,97615893735804755098805526235334673650
57,d273a4c87753027f98ef16a554ed821570a690023a9e9f8867f19bf294fb8e2d,d2ZSezL50ygKaJn5mZfjtA==,8d990ab4367552a91bcb0fe16c4c50013560e0a153592aff8cd23226962791c3,gAAAAABqxuo0wlOqbW2RFGUSsNNtlcCWD60pDLacJtZrb_6uElVhRuok6BYnlb4bGUf6VgrBVRMTMRWzDahyNmVS1Nu1af-eVotGHtI3PkoIDj8PDvzX3Rk=,gAAAAABqxuo0-mvFJ88IA8irCP77uTiCDyby_tfdHF7jr7A-KEL6Oc827BGK931aXtIx4nYnbW0pgH1u6rkOw7WZmojDcHt9sQ==,gAAAAABqxuo0V4ziNASu3AypKttxjBVGRT2HbsyWVx8pE-vhNRhnAZ-n1y7XPeRMlmD71C-ET1l9KUbfiUrDIRW_GjbMaRRvZlFiGbsDPL-psU69jr_ei-5QPeDKM5kLTSEvMdJbcghy,28527302500214938599155145078785023548
58,005385ffa3cbc84f4b76521014ae0b9570f1507e93f7a8865119290454b24752,zdJ4cPr4btEZ1gjeJZ93aQ==,f661dbb0f28ee75ed3d0662aa8e1037f5f6d7eda04b2f2a11ca6150d25602df7,gAAAAABqxuo0aUzcvWfIDprBTeWJJPBDMZuwk1jCbDInatGWa1pIEPAWwZuwrHz6azs5SZoNiVsxYuyVQqCaBwJ1JGK7MLh-ml6FrATotf55MAK7qavbNH8=,gAAAAABqxuo0DtNsia1Jnis-ZHmoxjoe7MShGmBQgTDrVA61dZYxtIY7Pk-aF0EyqWL4gBLQbcaUn1qUDVruaYNzA08nG55eXA==,gAAAAABqxuo0DTZnsNmE9pcNrx0vh34kaSHOBWp9jziTfJ4j8LVbX6WFt4MoG1o7mFf-5GNsmDVtvGHos4mFZeEIFR9Pjf0T3JmdRAxKYVrE2LNRRCPRfg7chGj7vRVZqliHadc_yFC5,54064914319199937250432616109571073458
59,907b09d1e2bc733d7094e6dfb67b8fa01049f8806a6cd89f93c9ca5820c5be80,IhCUn00kp7pnN-K-fbXRiQ==,f6d2f9733aafa9afd543e74987c367912b25e7b0e638f9bbe6880135d85c5bc6,gAAAAABqxuo1ILVWGPU2jvhi5ks83soM1OLglnuke43MaFbK9P8B3loAe9DDE0HeeLEqvUanU-EouyiAy456p517JCD6Kllrs_vlpizZ75rKVF5R-sDDN30=,gAAAAABqxuo1YW8F6ukVDNZLoV5WskbiGfUY3x6UlvxJC2BGBRO5txgscxW3gTtegk98XsEz15e7ninSK3bnlQxGw2w9U11Bsw==,gAAAAABqxuo1Y7Kgckj3B8b8dBii6sM-TkudYJ1vdDN58SudXrYqUs21g2g2TgugYGQBsFAPLm88xtVMLcql7FbACZ1FZxApeREAVoNuXcDmOVf4hKTzcKl2icw5fDu3Tj1zLKACJt7F,103406240511811728165409898233309134837
60,a8f4ba3411fcabb5aaddcd6d3fceff437e9f434ad3ccc1accf38b10951005f5f,NyHu4iaq6uVKbWTFUt679w==,189ef3a05c4c419f653ab8b17bffda729b7cb90526949dfece45cc6c4d198d06,gAAAAABqxuo1B_ZQXztp2PKE4dHBoRsvLUfP1zoo2XDXcO9xK0fSkGVx_JITQtA1kT1QjNtXVFYathIXXJKx3fYPOyILTrlmhIQf1nZUmq4U1VsemhPZfak=,gAAAAABqxuo1pwprJ7EDj6aCIqn9Obu-cqj0cRce3LyRP6f4LnGb0zmne6vln6hfXGtIetW3jn5gKGpIAw2pZPSEmf2j97Fu-w==,gAAAAABqxuo1UnLGJNyGMj6Y6zSpwAdoTLRBcJPWiXwcWeBvkeddl1fWilBY_NWomga9jjSXNEMRRmLrr63Akt-1umn9dppgCMuWFyYQNhNhODVnHGkF7DalfmU1DXFf39lIQTCQK1ve,24148356436654589979945179104740143228
61,f65d318c4f00bf72a31b6d9210913610c0a6a2a957d3767483af701b571c0ec0,sW6aOoqDIQIkdAX1lC7M2w==,04b213ebb20d5b5a145684b9f771db585fb3c9e1a986a7366d341cfff9504142,gAAAAABqxuo1V2EFzxPZFUvueTLuWGxE0rYYnxr_Fzk0O0DZTJBRDoop6N9d5Lhzzw98GglxEMebBO6VMKNjv7_0-Y_hxeUew-itlXjivLyfmLWuBAzgUBw=,gAAAAABqxuo1PCV6yXDxto8ZO-Iu27E1UThA0YcAwq6rz0TPNi68DFY7kFDT2_OZUTHdQ7M2XGUfWiseK9w_GFVQsqjKZc-7CQ==,gAAAAABqxuo1LK_KEwqJgESUF_hmH9Qn9DHO33yu2yw-jUpOMA1lKqaPIjVMc77ilVxfXSXmEZNQUdTP8V_Nq26Qz920fKrjm9IhJ2k57ohy1flP0sFly0KMznh9hcE6j5GlCSsrz_Ee,96051507400326580823117875367329067378
62,0386e44fafb0493e06de26e05b937a2d03248350df0142ee2a09d289f87258ee,Vqzo6HVy2sYikpoIFvIW2w==,0ad3f8c8d26b4d4abbbe7e94c6a07a64ea57c1ab4071ec6f115e191914fc6535,gAAAAABqxuo2NwFK7wvlZroVEVij8lD_l73A1lx9smr8kMk4uS6IxEeQB-Efu49YQI9Ru6mVKPy0XqY8LIIx4UbUihw4H7qNQDkwDPMdr5DYYU8fkjHKGL4=,gAAAAABqxuo2mWpb2EYNizgmlWwcIOhpi5LEGhe5miBoBPRWddGVj4bBziFTqGA5goto658IbaRHd10zf055LWJD78vA-UeTGw==,gAAAAABqxuo2qOL-hfgcGs6NJJAlkv2xhHZi5e45uZJ8E0NE5mwChT_lM9LMK9UhF2C3RXd5o_LsnmV7hYJbh60UqPvUgyuYA49gG8tchLjtSwaoKEbWkIm0fjgHZlxtwC7lfw5Woyqq,43448342239374538299289396460214113769
63,8f809e2894ebde3a12e2309641c68a68762440aefb6438c656a6097dd422cbd5,wvE2ZDn7xbSA4GUUJ0mblQ==,ead792354e604889153a291d3ac3bc9cd91e33de7e4f7ff436c0e3395bdff0a5,gAAAAABqxuo212svx4Vx7YP35CWk_O5bakBh9TboD_PE4oZorLdtQKT0qc7W1pj2wPoM_SqAQqmmlKf1aYyYAC8JusW-HsyzInjugfDG9zlJGmVBsshB1I8=,gAAAAABqxuo2aFD2kBfkfrSF_J-Dm2ZsxIwDA5Qk9a3aNt86RUMuCWuR9BisOfgfb3o3vfnQdnhR_uZyOQy7q_q-3faAsuP__w==,gAAAAABqxuo2OBWUNuB5I3l8XfDXQlMNN0cr5swSUg--NUvLw-_neAtqLA_8FyKRpqqkz9s1j9hVTktWCKPHjxPmpHQXkLx3E1neMBgLBgS_Fbfg_XwMzxf46xw44O6CuvDkaOTFOhbE,165046709490694713739884444305462837011
64,56caa223ce4fbdd4b8c3df4b1649f581f65afefec7121c79b7b57793732ade1e,OKWJA_Jfzz8ZrCQZJZaMoQ==,43a487a3303a3b22f730a4d841f36fe790502202bffad0cc5367a7c44f2726f3,gAAAAABqxuo3sn-IzhbCYYqbQegzWfVJS4MTxzPSAW3eGUvIO2J4FWLRNAbhnm6QuXhSeB19YHlfvIH-q9ZmLpdiYE6XezZ2xhlSxLB1X9qOL0IP7ESQ2ts=,gAAAAABqxuo3NF9FDrxc9kzT0BiyRail2RNKG5vCsJ3_Yz-q7Bk6J31ON8pxCTco1ZmiTQDK_8mT2i4j_xHI3TIw-aVjI2kM8A==,gAAAAABqxuo3PISE8VaHswEp6T9Xcao6D6FBLoRYuRk2Hjtyhw_wDxwvvrpJAxl2e5bWnlHrsbojaNARvXz5mmt1YZvX_a1aWy69L3voozubOy1tSuJUrxVa20dwGS6Qje2k5x9WxFeo,77867932846346585297709556145114231206
65,fefbf0b33fa70911b54a655de8fa69536fbd1b97e2cc57af6fefb49c4fe0aefd,FEEwJACbuxtYHbcDHvv7Cw==,32593cc849211fac12813a1afb45f5c2774064563240a2355da4a9eeadf383e2,gAAAAABqxuo3eG2aMnR3m6C7glccLPc5XqG_SbGY4YB0lw-pId649c6S8qrd0RtmGpYvPes8nrWwwjsH-jAeROMN5OHnhPyGxJ_j7Qct6lh1oNUP9HGOEiU=,gAAAAABqxuo3xDCEzETaN36XaNsoff3nca8fzqMctDFRkyk4HCnlYZMMwFETU8uuOLTxTiEn1OhzydAqFIb-fKnLUilyRckknA==,gAAAAABqxuo3bDDnZ-z47StH3cgOp7JWXbxEZPTANEGJcYkutrY15KNmG6WmKiGTb_K43fVdKQfj60dNIbzWQKrVCVQ0dtKzwLnSZGsdVyib6eKAZztwKzXojzNreUIOUvk8MmO4NP9S,46790011326028801626364686927529922501
66,57ebbcf1292268ab1a57c2c27df28b69d82d8af2487455b48e76e9c995ed09ba,qzxxL2tOXjqM30IB-tDDqw==,4ded7372c15ac4b3c084166ced1142f2787edd60b5ed384573c42474ce61e941,gAAAAABqxuo3t2KLUj06ihQqGaqaAqWDP9kPlwljnXGY8dclHn6NkkH5UDYYLhEfdECoEmX12yU1hjqt_aMo_2neCkp1Lgcxj-T8kBS_xfOfn_U1fE4gebc=,gAAAAABqxuo3lD-dlslemrw5X6EXb3fLYp8ASgsDoQvceC2hRGWp-E3eB22q-vZo2WUyBX1Xm_9uF9jqa5S083TiAMjKj4i0Lg==,gAAAAABqxuo36cu2uFZzuyaBsrcDgdtev9CD1bo2eBOVDVyai9EfG8lIBsai0Oqj3fL43QvmQKb9aMd47qV9Q064NGZLVgVbWUzqpCXmS1-8oX8K9FMm0iK4Jxupmwj6Np6LMJn7MJFA,23058525488839307678158392671640927161
67,701942bc7e728d0f0ba2bc8b74f184ba81c1df10e3d3b5182eb8961cfcde9ff2,l-o4jaDl80eZGtZ0R-0iaA==,5ae50bfb147aca6624dabce551a928a1b924323e86f1b1dc427ec90b4664dd50,gAAAAABqxuo4ssYoEj458mzGOXov1JNVUHVFQRhH_4GWf2M-Aki7RXjdTBsZC90jUBI4HlIVgeCxexYps3qrtgMhlyjwhPj_J7zwUvWlQdYrDwAbFC1ZGfM=,gAAAAABqxuo4g-gIuZYpLettUEDrrcrnWeQmCFvHBHnyx4SuZIAZuqMvd-rAPUYFO1cEt78XG6RqXAh9QEstOF7YQY_Rae_pYQ==,gAAAAABqxuo4pZV4oPMvyH9pwVSBNDTlG55eARJiiq4YR7hS-KHJSzr0KzLG2y0vmqkdU8jlk1rlwlYj9Dhq1VNaPaho-0uVLh0T6nfPd7tAfsgpMptXCAKBIBV9CFRq1kxIdrHpArbM,140467870208809390568134462701884026528
68,99edd57cb22b563d8316433a1f733e6e090adcec2041b1d75d64feea5728cb61,RCxWpU75pcBXapZDUzH7Ag==,eeff4a2a6a32c35a6d3f90cff6a1ce1e3eb49abf3899894402918d712f6cb300,gAAAAABqxuo4iUhqoutI0ip8-NYHKlZFjO05SuiTAAr3SjiR-0e1nTCvDjmREP6AOsnuiqk6wo-UEJwoFvqDYpmDimG98m6LHrKNiPFgAa8Hk5_LpXyvLKM=,gAAAAABqxuo4qLLp8OMnO-sBgYa-SfbUewNjlk7aTBszIFt1TXRNxFXgnao1Vtt3Eavy6A44IvJmnvXSp-FmCqwFzxQpsf3u-w==,gAAAAABqxuo40KsiybpTEoE8kWpMhBabCXS0MDitTLCDcHHUkD6DuNiTVmD73n7Rqj9ao_3OCxHGi7Gt0HwF9DbN8NiaJs3Xpno4PaWz9jysC3AhNdIw-KyzldZ-NZDLoh7m_UMj7ClP,5636541576667197131316629779519461469
69,53dcca6585ba9e9659a373622a5bda9afe49d1e81f96c0e17a1d10100f2e3ef2,gCddtblHwyb5UBPO0sPscw==,067e5477e9dd49ee8dd911d471d7ba4aec38f8f4a739f502ac6b40daf7559a98,gAAAAABqxuo4BuFRGYVxQKlgfzUc3_GcQwfh4-KonQxduwwLESlaFUr0Zdz1P7tV8XijxLV5j5cdNxtBNGeV9Nk2IBtmn64LeuqYkyW3y8eV6fsqUaNisTs=,gAAAAABqxuo4cLx2pytHnPIwAvLO7UsaffIQQdXYsMfomBYOWrOBogeuiam8haVt9f3AZpGwXIMNy-XLCKfuZxlkZVSV2KUmFA==,gAAAAABqxuo4u4tbPCHR8dNPGz5bxQQaI7xws6cN1BIC6GdBlufe7QaL2EI5YfmBSu1GfqeeqNIjJd4xNlFg39WFZXclgzBgt4NIPT6ryhgm9YH1heAiA7dpRcR36SKJ_nHowqoO6lsR,118428842214997422384205671119058457799
70,53455475dd5ef687c3e64956ac67f8df8e75a18acf7c870b176fe50842243b52,OvAcuPT_YuUC88Bs0Dlk1Q==,e71bca3ef67650042f9b767d102b65498609d545fdef92f5f832c886e218affc,gAAAAABqxuo5U59xxdy_uDOGjitTTTnnVvgqrNalewzBoX-NU7X2061LxPcmds3HtJRnuvLiLqX9ujPsz980yVfPRx0MkB1urZ-lzgMzD-BNTJLnJBORW9E=,gAAAAABqxuo5NRsI2yHqUt3m00UtFXvXkB4o1hFMONhi_9GqzdkrC3O85BhKe8y3ORHR6WC9oTcAC1M_OKLVe67VYLTRK6uc8A==,gAAAAABqxuo51KfCQJK47vB1HFuToYeBz6zuKThLElpckGVfLd-XIg4Y83jgWkepU4zK3bBk9VvKF1_Y5tLSuN7Dl7HhS3C8lRjwDchUIeiPAzlqtOgFJOlWM7BFFj6xm4gmRHpjxluS,92661543403971440909407417661060619622
71,302dd4d3975b5575a93e2e061d09eabf35539b3914aca933e6ed43ea29d4497b,lJic0h_0Y40MKaErAa8efw==,24e30549798c2af02b5c9d1a8ce6c12ad27e6ae7f339e04544c7fb1f238a3656,gAAAAABqxuo5lEWyRLpg34EqTl_B_vQcGAxbsLL33iZzZiMMRnOAI0UtrrX5p2uQVZm3tgQzE2Gistz9d6EzCbsCpV0sZyh8aXubg2l-goe3l_P0hX37JYE=,gAAAAABqxuo5Q0kCCJcmd2VcYWu-Khoabidq5JQbnKHd78x9wZI2medwUD-ui8DS-eUL7AWAGUs9UmXdYgLi-LX5eDBucxJ7zg==,gAAAAABqxuo57MHSGbmOlGx_P8NZLe8siPLoNZ5SZRZhml8TR_9rpy8i3XNKz_dpzopUCtWiaOVtz2KH7w0GJBpQAXCDJFlP-Mb-d657QYrJUNE6JPmPoK-GiGuTYJqv9ipDOTPxndRv,124044061950201019895772427572658119798
72,e3ac26a2786b9099b08f293d425ae6dd6af681e532b8f83fdecbe63a71cb7622,ccpgaXcOHspKjSCUYzkxGg==,4530a4cf25da47dccc48e0865c6ef5beaa79c2f79461de29a38963f6c84be1f7,gAAAAABqxuo6xsWDkwEukdOT7x59ybNEZbvs11iEX1Oju3IqvN43fAaJsPkckP5lrCtCztMwWjHXJxipEnRlLNN-CBn3Y0P80DgT359QueP2CzIpvnOJMDg=,gAAAAABqxuo6Tzc9Vr-uqwfIBSG8J3vrGaEFf0Vy_IhCxCGeoEEywUpc8Iyu-vmEiW6SDHFf0rpmExIB6URur0Pd3OtM3lBCsQ==,gAAAAABqxuo66B8Nju4bNnFgKrrtRANc6ACW7MTkMjdtCGZNjg9B-QsDEd0KXXQaJXEQytoYT94Si-DZ4IIAIJmXEsNGT_wYW7lWFjfJzXOAMA2_BodNXwFvQTCdC877XOO7rjp0PLVG,58288738544964255244124075575903580102
73,ca636a75f0417fe36a8361482e97d6a831e2f0bc9d0527f2412c281d1a4ecfdd,z0bMcJq--iGw-tv2gffleg==,5d005a91c29383f29b48ca4494a13053d40c964a49ce5022a2828dba6c53b009,gAAAAABqxuo6qjV39Fl3QHpnymuj4BcokJwphXytHZJ5Z9AteaAtSs_nQPYqPdgWQyBruyZNGJKd2hcf6ySC-u6zVyPB-6f5urh3J0G3LOOIdS5OU13prng=,gAAAAABqxuo6T90F0c6u-dq6rH3RwiSi7PTKP-J125ahzV12jRHtI1gZTexaJzYepC197_vAZ1GkSNeeeN0EMVzBnU0I2HzSpA==,gAAAAABqxuo6LLEnTptSO3kguIhk_URmrChkvQXaR5NIjDHi-J6F4Tp6iSCLgu_EbdQHErtDDM5eG3hlgD_bWOIg1ea61MMQK_8Xsip6E-awkjRiaZKJT1kbT9ftTSCERD9snE9Gl1sJ,116027352640861700876176504179521406396
74,f89bf6edbe0b0c3134b3dd4de5ba636c68acc1a24a979c6b5203fd0aff7ed272,8b4hqT_pS5Vw7vmvbnmb7w==,943209bd7595ded905ae1504b8e18ec3ac32a0414933f75e25fc21291118522b,gAAAAABqxuo66HuTiCqy4p3G8Pjoe9wwjEFKgbCI-MnvC_wE3YDiHsB93Drg5HlHgkYJahlL7F9nYfxXG7llEARPKS88QJou48x2AHGiY03DlHJDl2y1UwU=,gAAAAABqxuo6cM2Jg-bVMwRfjOCqVZYrqumAvJCE27iyfemFZVdrGH8207RvBCJ5xvQIP-8YcJiS1SSyFOtwBQHBMpfxDI8PaA==,gAAAAABqxuo6JG7s88F8jUI8w7Wpv-2I7OcZykbxQGexnZjuT97yodGAJTfLEbuA6YU5IgwMH1eCwErTAcMfCNx5cYmNSX5Cn98wfV1RH2--dHZaV94qzbLcVli47PwEXu-qQ3nKf7Mg,97744469661989163663802577733166257041
75,3f4ba0390a0bca30e1d794b626e1886681fbea0126e9befd3e2f34c920bde64a,NoZ202fw1vv4a1m76RbgPg==,c3e9d991504d5b633d741ce60058c5069892c035cedae8034a55e24f1e153a8c,gAAAAABqxuo7Ot3xrKapQ3zzamc_OAWI4mPWAzV7b4XC4eLI5Iuiu8tn0rL9SVXRczMgBoqIHdssiYSkAcdy6yXXIvrFfTZ0UxyS9aFSrl7S9_BCK-FBCl4=,gAAAAABqxuo7yhaTY8h3LeBpXnsf7Ed-9a8xp50kgpduN0BR8SUNEODPBOhDeAOuMjFnREPapbyLJbwiOYVNjj7Ox3FRIIbE7g==,gAAAAABqxuo7MB6ZBPoEDQA8WlvVQHaOdBb2By494gFWhzHCR4DoFxR1VEUD5HrhzLt81Xf3L2P3sSe5AnuXF1zX-2qwd0wUg6W3TDYGOzreCKRMbFBdr68El6AsOHPlTaiRJtLEgdDf,42948777595568210194902531889168121070
76,3f2394edb5c5533bd0afb81cf0c5b3bf307ed65d1bc3cea3e8df9a50ba224619,lLpHUruIg0HJTdrPTb1GVA==,9623544e3411e54ef8ba9501a47f4b2195e535cf30b7db6df48c37d6457a0898,gAAAAABqxuo7is4tT3x7pyFQ2doIqXMehra8_JLh27f043izl2ALCe4bjN_bdB1IVTziSlYjdjFgFzPThcrJ-7txgqGxfZ2LWqwaPAi2uRDkm2Usbs8_BRo=,gAAAAABqxuo774mNL-wQM5yTARrsrHbCzTY0hDXcy60xZqt8s4gadXEEI3aTim1LRN47hpj-gC6__SR4X15zKlQlUc_7TzaSwg==,gAAAAABqxuo76iECDcdakbCv0YiwtJ5NWYVbnH36ULuPKp2Ha0WYkJ6A1KUxGOu2zL49KoNp3oJWlwFnY6qjq9fPqO6RhGor1W62snETfDzOI7QzvbApy84voaiVvEe1DWO83zoriAQO,14034001664479399287490585976112486678
77,dbf08623e32b0706fc15183d8f5052bf3e3d2b0fe6b08917df0547fa42dc9a9e,JptSfsSAJyhIYNO0k5kSuQ==,3ae79949db080861ef3ae4f6d238d382331e2946d4f9438201ea668d3d73b286,gAAAAABqxuo8ybjjZCPIYsuvz9FX7AkejmlCAJSpZ2cLGFlQKUFbtwwZled-clQ78YMKOKHUazJYRyrXYrK58FpiNfCAUeG0w2S4a1jVRdbz9S1K6bWVVds=,gAAAAABqxuo836ASkuAnnB8Foo9JLlKAUDSEl2_TZ3Qunh1pb_THAv3qfFTKiM-_kyo0KbzCXzUGcQZlxnSJkx2972jnBGz1rg==,gAAAAABqxuo898vbx3LfXqnN99mXi5G0ygtVVbg9evkDCYVnOHFxFNkPQvgi5i2LCBcoHBi1OMbv7_QuvN8d4cuYIfpgzjJITCQAAI78MPquOzcXZQuMuinmvhw_pKgHcz7Fwjq7MBMa,109991342224711910490486490541428303789
78,6ab9b899b5edc8fc9109d36baa1864db71a9eb3a1f9eae85feb0bc665b9b0a5a,c66ZFD_O6RmfBa0JvE1A7g==,3f971b7312ef98f348a06355ea0a7af147275f055619e81d40e4ca94c2466da4,gAAAAABqxuo8H_UOggPI07KbtOnHGmJbtGAqBZYSr8YBQg_D6x8B4A4guOIIyGZEG3kLnYg1tA6Hj5x8m1b2a4egfl5r0pTp1yYKuF1RQ6YceVvpc4tF_Ng=,gAAAAABqxuo8JF7e3IWZG44AZzqECLrS6OhI6T8QTpxhIzQbK34GlPXO64xqO251eb0A9GunM5UHS9A2qgW_7V8ON4K0q201og==,gAAAAABqxuo8ByZezWIWPBMHwS7BavKZdJKW-RL_4OTsnaYP-MgZaSbBFsJMBm8BU1UFEj99Fa31XjXe_4iOe9NADpzMCFU3j_c_wy_fKFw4YTOVoohsbH-gP_2pREE7IeNKCOm0nY5v,103127111717272594498203161971743242454
79,e0242a3485e049c25da5f7071573b8636bfde7eaeef3d108ded92304d7080d48,TjMW3zwD8vrvNapE7dy69A==,5cbeaffa75bc266d493b7d81cb7b791f802abc705159017974d0251921e7d4b9,gAAAAABqxuo8zpD95WPd4ZLg_ShfAfbs5fCsU31-QTuXu-9ewiR0fJNNfMp0HVKRjNojt3nrnz9erM1z_tnMPqZMD3NEeRadyQZo-HVCrpj-7syOkI1x1RE=,gAAAAABqxuo8OVhGSb-4aX-briNpD9256TsLtlkLHDwvUHC_AaE64DKzf3JiBekARq6S8RYcocvjWc2vXnHygh_cmxPLc_IRBg==,gAAAAABqxuo8khkAg1mgtLJXXyuRwAEfoSE1eKVloeI4xQVshn85QYICMdkfyEw0vmkJolBUSeeh-F8R_IEWkxlFN2lNAGOELrtvvqU59nA2DUhqAwjbFsLnln2fymtrwxWNA3im0A1q,31536833978248385780049845926717504579
80,912e644f775b2578536f5e9d1b3b8bade702c607096517af15a422df12cfea6c,SPPx8OaOyx0S7v8SpPSUhQ==,33e75b919c30da36e20ddbe92946389837addc263a9f4dbc5b147f72051b9b82,gAAAAABqxuo90bRaKk0DvcacHUFTNzo-cvQGMF5Wmbbgn_ADFRhXW1MsdnOEA19Q7gI7s7DM3Bojp06Gku1n9l8LTkPI15pj7Hd669EGebo7-4W8Zpzng_Y=,gAAAAABqxuo9ZMuU8dhnNFOLIza-M3925E6czJUETb7NJWsH2_qJqe2qm6m3R0-aNLu6BGCI0nVRQ8568Vh4bM56rXVbXTgpKw==,gAAAAABqxuo9lkwIBaXjVIA2MAnJiAvf-7DXNq1Eh-iBGlmhiBVqrfdnOvJXiiHbWw_wOABzDK7YWiDm5s8pJqKm5Kvy5kUD5lwee_3xKY7iS8PeGCjKL6K683n7qnH3afvU5zwBYOSe,114150281506418604384796129973903395901
81,f1247fb4b6a6e8ca83f659076ccb2d08d87e751652c76c7df0f9570189c4ac95,mPbkS0XnfXlwfosvtKAr4w==,693b295b4418d1ab5b73b758327255faca8765d4d4991547ef13d84508325243,gAAAAABqxuo95wfGqPD4AjHGx3VWkz1h7SHiTPSpOACwqnDdEwjfciVENPTATYPyQYlPc6_2BB5oH7HkkZlQGHDHALh71kiEzj37TTOvdVUzvGvvdCfymS8=,gAAAAABqxuo9C9mCEcDmi74HCV6dRdl1vCfNiMOFiY3oyRrGBklWewxsZoes-7NJJCo6hNFtj6fT45QfGXcbQl31lJjj7TXgZw==,gAAAAABqxuo9OJkn3lL9P_ITOSbvjDZ9hJ8Nndn8DEmWkxewBNW7poS0UgTImmMXco6sfL2lZMhtewmHCogX_d7eU8Y4WrWwROa9ASC0-xkF3mCy3LHcLDlXKlAhZO_qwRVBzr3cLTUM,71189408772834643946645678967747013498
82,3ef47c40572a49cf1361a728e5da7bdb7b8720f31449f7ead04cfd7b6d5edd63,a1e-tGwOHg8ZawuOlLUCKw==,f18d0329eaa73178cd6436c4426e8f528059bbe686b99bde9bbe995ebe0baf7d,gAAAAABqxuo-Zom8crz6bi_eUNJex6Uod3OGinDsybEczzAjPpEcLcIPu9ZdlMfAp2LuHzvqeVosUwi4nfGOFS3U1MWM1zVGZFg6vYRKFNuVPsLYOZiQ9ec=,gAAAAABqxuo-heeNjnXPC-2k2j9M47oGe9LGbBcWCrFc2r7-SEiOJW8zYGFl9S9jyc7c8IjiI2yzadkw8vuGkhgGLFGfipw9bg==,gAAAAABqxuo-YHfTsrxw5mqKIfxtvBDAnU27dabhjBX6VraJURBOKhJjuB7Ot5ryhRt4DXe8wOoZPLuIs7fJVXPOg3zDCtQMUkeWYihj3X3em2tjzlGNYFL2G7D2RjRSzm7CKPj3YiqM,17920454424939622830932069164076067489
83,2df49cb6e536488d32bbefad1425721a85e866ce1fa4693e635be1585fdf96e2,2VsUjVN69U1ptscqwU95Pg==,dec5b41d799ee86994deca7ffe9724d21ddd3073e0d4792cee7fbf393076c6f5,gAAAAABqxuo-n3URt6hNlXKFo8Z_HndQJcibEyu5yC5xgm85jQUoKOoLAKwrx10MIPc4-L6RGyU9md0UAioDfnA9qNbgnKcRCf1KZwGpyP-MmXFWUm0CGtk=,gAAAAABqxuo-yfYr1lLJ_g1lwXj_qij8VWknTt8MRhGlNuBhMB9w_aKJxxXX3Wegc-esRxDnN5pcdZFHc1b9l7FV3edDX-P6tw==,gAAAAABqxuo-sfdvNDa1BfQe5H98fY3rHg4zbwre5GU0a1F1wO6WJ-gdVTrqel_Gy7S5jTEkZAc-VhINuBFWmisngzNtFvrOLUOTABntjS5N_mEox3UyMwFuVL6PkQzSj98xJZQyDv0H,72970846225891720689378049094134532896
84,00f4e8c2652f9fd093319931b77627cd3a70f69142be9dffe2938fa1d6a63831,yHq18floIOv9OXwD22WZQA==,580b568ece3a5883c0cd40d14dcfd0e16cdd9eb938a889f1b4a35efea2e32d99,gAAAAABqxuo_mpw6TALxgmootdTNeXpSiJnmjr0Yy-d31qSMTu0egqtdEWCsqsf6IDziBJlqLp3mNle-y-7K08guiHLG_LQr0DyVvxN_hnVSXynyUJXfZ4s=,gAAAAABqxuo_em65Abb6__iWIMmKoKHoH85lABLjXOUKFOsMJMSEUx1sW426h9KfZ88AFj4ZK18TvVFW7MrvCpRA38F1W61Z3A==,gAAAAABqxuo_RBSo8HOnIYhxqr_7gHJUTgVQYzSlT13TSUxgNLFYYn82Xm1KvYNa9WzHZII6XIom2fCPH8-2abzlHugh9N1DYAfhv0hmWVz5JR2J7uyAH7wexbEXQOpnh34YJ-RKFaka,25418069648919827466029179673836266655
85,bac7e3974e67eaca051c23621f29a23b251427bdfbf69bf5684d6e553b0f1512,fZIywNmfqGuAbfHvs-7yUA==,3fa8334532506ee4b465a52d80f3e792afae70ba3eb69665d3b720bbddf1b60c,gAAAAABqxuo_ynzFKEt6DF7K7dHMOr3Y-C4huYsGyzdgKBGNOUjWnynibuPzcTVvD2WzjtuaIUzN7RfyTd_08kKU-y8QBP8jjzHie22eC5XuTgbKH2xjxBU=,gAAAAABqxuo_MDBNQ6nncoGHtKCLnmNehOBtNnKOT017MxngdzobDcOTD98rpak6lhHBA_7T-SuZ2jikGA5vPZv0vGac8qRXbQ==,gAAAAABqxuo_eneJCEnjrypllSzaxqSX3RahJnA4vRN0xlXJz6Wx6esg0mFXoaEFzagTjZi8jMr7UNUrIWGn7IkdUgzIVoIaBklaBj0KARY-iJzejix9BJ4psI3Q-mW_BzeE3pA_M0MJ,54898535532298474988949590265006964189
86,5e4e0bf88727399ec771a3608154af6fb6afb46aa59748805f9ee9c867aca73c,Y579D0mcTo6Al0tpOZigug==,31b717ca5f82378b896d1f32be6517a51af04dd7a5bb8b9369b6545b597d4cc9,gAAAAABqxuo_8JElaKOECXziCl_NgJZy7OhwcomjlEOM28zHFrByYwvdr8z7p8xDawK0nwb2xxa__FZz9UV-LzgKUV1Zi_PzRoMb1kN796RqWh_uFp6u2D4=,gAAAAABqxuo_P7nZk2swwgKfcptXlrNSUkyADySVNSsUNu-DuH6p8Ezg0ZSSpkNq8pWkmogWM-uzMEpSX4140cMA1U6AzEJpAQ==,gAAAAABqxuo_oeopzkKoQLFdCbP2unX2Sy-78vvja5jmZ7c_hcDvdTVsUcIEUdKyzKHtBawdDtb-jgurlYHEiLRVSsISA_cup6DejFwhSXdl7hSiu7prgCVHmbpSRtq8vkP7fmtDBPl0,107095945125108765702756195798813709813
87,fea429283a74e2528bc5acb96ce2907c63e17f4b7709bc8f560dc849c42e28da,e2SUN-j7tVgXOwCq4yYLJA==,3ba3d6142877b9fbb7a5a84832696ec88ed56933106f6276ccbc78399da4a01e,gAAAAABqxupA819TqbpXCdnerK3xTkVC7HM_7qAKctWBiW6aTHltcV1QlQRUDHrJxd9utHzDWYjnX4DSt7LkrxO9AgJPAjeL31iTo6BMHL0Khp5hXsYy6ug=,gAAAAABqxupAgCcSpnqody-PTqHuhfUrsxxkARv-6lHT1z1pNqBPFbTuJTxhCvT7DyF0qALRxklwpMdF9IYwXQO5O0rgTGrNTA==,gAAAAABqxupA0mu_GwAnARNDGO2p-ZS4MYMjSBxZIF9_dEY-6qsb7plfWTCikuhs6QLJKWMKiPdSJvmCxLIecIED9O-rUY-t0Noc6j8Cn3h46IWcZeQOXHIqiTV40CEEJh_4HrDEl3pE,23008668118198645370597182426626540167
88,a4f046f19d8eac6186c0a5f9f372c01748b22ce7a6d7d62cc6d4c1fd0d6aaddd,mwVAD9OaqgaJIxqpDnxVHA==,f1a19fa03b61eb1d2a29fbaff689cfdd726e994081352148c3ed8548404df8a1,gAAAAABqxupARt3YOo3PATGVkZnZbw7SmgDbENoFpb--65Poj79QpHNQnvUyjbr5CZ_owmthPYEoxMld7T-ZenP_0fhnwtuYm9Jge1NjJ41nmsD052GmOGQ=,gAAAAABqxupArn7cXu9a_u5ENWoWpbKgQRVEvsk9He6MlV7eAZTUEH3hblUZyJ0bs-PxDtIqr7GXcrSMBYRqE2joVjH8DxIhWA==,gAAAAABqxupA8i0xzPv_P8fToYGe-pBwvJlNbYw-i-0x1rCfZm-9pvMtk1t-wYqrbblortNI8dz3CVz1CrbBkS5wGWPl66SMcUGLKOCsAnthy41HEchULTkN-SvQf3R_Wp88n3gQ6_Hx,91350095221129597983618131783050352645
89,aa4d7a3820e6156d732edab6492e0749be1233e9a4a13260b5c6f683f67a8c60,YnTa0ZWAXts8rIW62YGFOw==,6fbe79659d981b9dbfbcf69046571bbef409049e9efa01fca5226fd1407e7c86,gAAAAABqxupBVpEr7UN0b8AINZvA16PbRLjvgOvdXiBuuoXkdyhL0b-4C0Sw2mZ9r3OAMdCoKkL_C4dtvtv6l6plncZZrx7A3_FciGQG4DGRKVLqwcAi3uk=,gAAAAABqxupBYiUc3A8eIZ1LtFT9zAewEEX7mdtcia7DCQC9gyfdRL523PSbCmoChrwLp9QcPBBPy1Hw8SnuoaRP7gt11UEZrw==,gAAAAABqxupBDoMClcydYCT1BfyEYOWMqPm-LW_ZiS00606oIHX8tondYw3BnTXFoGMFgk88HZXN7HCKXGMrFDm7Es6Qtw7N3ph6BKHyouf1Ujxi_6zRqC7taLVsxknKxFVYLWuycqfj,90555167370468131561779082844684804788
90,5cb628f116566a3fb15d60a53ba2643a169409d2fb4b3feafe29201e83c73200,uzeViIta0e75ZuaQR2Nerg==,c0745bdcd7fa6340a98c1ed9136182e4920f395304812966b95f86930c5e8926,gAAAAABqxupBfTNmWinDLUtVcCr05gc_H3F5GkY_scmqLlcf6NJchRT44HswnQtrjx7eFpB8wDmwXiSVxP-NbY1FpjHwfMCe-USZ349WAlOnFG_XaITI6PQ=,gAAAAABqxupBJ-qz6hyYjIn0z0IAL4bgiWKyH9ln07YD70-mGyfq_oXus5f5b1NUy0CFPi409iZh4lfD0dmdpFmoo8KNJrUmJQ==,gAAAAABqxupBf-Ol9wiza9LoCd_yJtDMZMCWMzYwZUbSDmFQUiYPoyM1cKS_W5lRch1B5gB_fgcYH-4cGO9oCNswy2sy4rDw4nxIBtb6cRIZ4OicJUGNEC3lrl77IOgHOkqrbO0Wwqnr,67549144322641113811393471718710850733
91,ef641069c2ba1e7330c0dacc40ddbb9d712d6c91f37befc7ec1217daeffcd6b7,XpuPlNj6S5CZVt3C-afJEQ==,f546b7644dbae1d10eb8b15bf69307dc003030fd11a0e43a8773d3bd04f164f9,gAAAAABqxupCGzRuqZ5-ElFtlIHKFp7ods_O26lRd3A6d6uScAztcUhAykOQyHSAtixM46-5EYipVGmn43dvbbkhmRuJoS4tPl05-o3-L1OI4X1YI2letME=,gAAAAABqxupC5ACzd2e44GfwvOD_C2S0z-a4afIKgmQqQm6jhWoflHKM6kyBMgW-tLi11poXWpZEUdY7_d1kbkn3nLvoDDjq6A==,gAAAAABqxupCbJkGBc0iUeOaDFjBgdruLbPjjsdOoHx7bySDjZ82Ml-zFHpHelTp9s7NpmCAw3vvszeJuQ3gujii1ET26_2aN4NVnbKbQJOAO2Jeyr8sPYTmxZ2Fbn-6yAceJD8vfCMv,91813483615231389478438965680375094157
92,5b7745380bb600582141a614e340716dc9031c6ec186b743fc4093e34d123843,kgWNw18jji58m0LUE_L0mg==,6f8a20fa4300b83926ce02c7496a2e756d2aeb3623b89e12802f6d74b6bffa67,gAAAAABqxupC64p7JOA5MXHZKAkFA6C5t9gMGOyOJt1rJrq-gpJRK-1WcxC4MtOUU5xPOEv7sf5A-gV9sQRz3p2QM-GYye6Box_1lIkvKpLmScfeybRFI4A=,gAAAAABqxupCQU-LS9F6r0zVnBA-00K_bbzRmiPuyN01y3pM2w2TqFdkjDlNNam6zy3d76wcHir4hZvbQmwSD5o-VA27vtRD7w==,gAAAAABqxupCnO_FQj2g2bc79tT6rrNPR5W3wWhHFRW7wwtmhezAs9wY443BaHtLDDIsU0LXeU0yC8_j_CNZMM7mKVotLiu9I3PtSaRyYX1XArSMG4oob4E6sBO6Bg2p1KBFjyr7dTr0,81407658725661564202203490782263781624
93,1e66a2402afe6b460d79525b9282ab4bed969d60af8256f5feefd8b4236f387d,1MJMNpNoZWNohLY1IJVGRQ==,7c80c1183ba4e82d7da86dd33f3ea4e4eb76d137987c810500d72c787c22323e,gAAAAABqxupCgx7KwUNXwbiNwBgGn9_yAyoaV8D2eNma9J0FJi43h2n2iNqaZETC1L_xKr7vhmOz1PCQCbCCHgVAhQLgTV5DA69uKnJTxlNr2ssCyCHoek0=,gAAAAABqxupCA2a3sVVP9eQeJnbrOwoIeHigCTkCtTcH3VJfM82MfhqzNnRwyXpdyhWZ0P9fmOeVHEyFZTkphE2FDPxgbvPWzw==,gAAAAABqxupCp32fw4AyW2PIHZw3xk8lk2piJx38Sc8PC47n04i5nyc05oVvjaOUVhLUPo61mcIkDPxA0rCHWL3P1g_XY3h5WZN7B8WhhwGbsbsKzRAPIkB-LW2XYOoWckexuqtZ9LOP,52553880678627796353965232162007929960
94,c3624ff676c36f6d12ffc944ebbc84000b6128ca2fe2a9c0a6ec46eaa44c82ca,uHcY7VmSshlvWeO127Hbaw==,e775399dd968ca8955d1f88d9a04b021062a41f3aef2e3ee5705ee0dcf2fddc3,gAAAAABqxupDNvdH7A3_rHsZs633DWOsEggaVdzL-2QQ7gwEbfpYUs0c285_1KAaALVj5VuDTmKoJUL8s7sZBxw0a0cCI1AUqII1x4fkK21oSMbQkf1ISMU=,gAAAAABqxupDURPNUMCun4jlinkXVKCPZ5eAzMEbnNsHloaT0dEnE_yXp9uLBC0sGW6-2LYrJEZXunEYiP_UEgxJbjN5OmQZ6A==,gAAAAABqxupDA6i-RW_rBjCrhDhadCQPOzae82WiiPqnSJGXzXstUKr28be-Dbgqhq_f0xMp8A_ERLC_1laaebx5pQH_9QLoDIQNFflujY0593FMHIhH_kEGjFy0cNbDtZDNPT16y8AW,41338116500522429605892023577698470702
95,ad51c9c6f1c4bf87630f18cb71c5e9a7726d2468f0c2fb0f30a80cf335db07f7,o8cXNm9kTmMNvYHGtb1neA==,779b4d7b49a6e1d5a6c6c44ec6f5123ab82d857b0f18e99e1349ca47cdb62f26,gAAAAABqxupDr0cPjSnEj3XJ36T-QcnHuuC1_ibDtVqIgGrfR0p7_8BmJGTX4ZT8LM1xV4arnaWvm5PVd-Jwmn35Tkhc5GUscHeh3YdZPg5DIIY42ruUz4o=,gAAAAABqxupDfoNxLrIMLdg3dNf2vMnxlLvX8nDKjRUi4WkLj8YpZiyCsgZ9QJLGi6EyXgk9CbHzcWDd3LWmtRlRY1aj3yGVcQ==,gAAAAABqxupDBRydbiZUQAvyjFEcEwfaO2RO2cz3RXDnOCq3Pg2dcjQZaVyALApmwwnRJUaP5lTLUzxGMstJzmHclE5RMJiX7ZvMaD6hU4q2HSDJjUbtwfFa3eJK9POV7iuavnUYGR15,73162619482039973353303771770858645258
96,9649f110c5bb31d631a861ba0a2b8757c91ecb3d210bd1e8c67ef7bf994feb50,vjUI1J7rc0ClS7ejOEh20w==,0ce3ab80c518a8585c22f20111d6ce121df47e984ef0d51c5755c2608965bd84,gAAAAABqxupEv-q8G3wD6BSY6AOzNKbhuRLRHnyD9ytS7tv86jwks3HWrZ_jTqrAct6ktNkzJLOc8r58n-GJW5Jd6cvVs5MO7QypThyUR9xaxEQMEQWAm88=,gAAAAABqxupE1O1mjVOW2zLwHnGl67os5wxSN0EEgdlIDktABmfReXMhN2H7xZ-AcHDoDp44qfHuKw_iKAZLDFKfAMCwMW5ghg==,gAAAAABqxupEF2rNrFMLYFCqMUTY7Lbahk8PYIrd51LVRbh7ISYq3-E5jKDglvg1zOMhpqR21Jb7-wArusjiO0g7Ys2V0KZHK4Tq-5mavFHYuYR8pWRrH55wHpGzm54FeMnd6ir5exjA,31302560302442936062152079136963324812
97,675a0d2813d80c3ddab65997d005975eaa8379b1a6dd3205b25201ce7bae0aa4,3l4_kbH92aCgWp45DeLz7Q==,138ec5e4c3352c84f1364b3fecb30870bbc4f478f044b799f49ecba4d62af83d,gAAAAABqxupET8g1c60KMi-qzJmVfphKzmOb1KoJBDV0ykdoEyx9or6EJ4zqGxGdvvxftvw5HaAuvI5-FqWuA5dRaOVFEzVWDNgCoLxwb76I1jsHWqj585M=,gAAAAABqxupEviwQ0vVIJA4hQ2SQGHZ3Md8DGFmd5l7dMfK1wDHN7Fsa81meyGbLQdfhzwz53swD-MYXJgQqVcImQ8wMV2Mi7g==,gAAAAABqxupEg6H6Skl_6MfH4BtLGtms_twXB8dbOtA3ETRRnudVsTv0BSiBciM0Utrrxnbp-9xxojsINFyj0-b-02ibqkI7ccByWVmtRNZoDkvDwFqstNV_aW93PClOzc_bkbTGKxqq,47071564723696739566515933297536184953
98,c6e1624d6e0c1d34625ff2aa6b40f5c997eb7c78b3e472e9729c47be53221e1c,_mAYFRVkP95BuDxYYqSlaA==,1debcc174e6270d881b4feffd92c08d9d5d6bb695b331d67b9cdeeeafeb085fc,gAAAAABqxupEc5IeW8kJWJfJQkmedqlk73hNXnvD75ATYThHmQLDPaAoDl1GHQ49Bcbr3PLiObh7fkppmiTPPnuJgrvXAqO-RrKT73MkrUSWqbR0JVYY45U=,gAAAAABqxupELOmqg0s6LdPMs6MxM5eD2dzKUdacwkXp5JBYIcCoJAMC2SSYBt382mennldkzClKQEcMLzAAXolN3wjKz6M26A==,gAAAAABqxupE_eUomNC9jm9F6FksVPWKr7fzsdz9zZkcAtQZSg9pjm1iTPeE_RYUcppEjVt0cyyvYLdj5Xv-2nuvRjXq4qN7SVlpEJGQF5U91Eoffvq1sVhAIDMcI0pNnsbA6Ssu1p6j,59492541198298710301741363375973359805
99,96cb3af8cbc1762cf54b11bf6ff923f9b2630459a0376d2a0f4d8ed917315cff,8QHJZQm7vE82oLPbRwavoA==,fa737545f377d70f057064a157baa99cdde9540c147aca947c38a0c8d8ccdb0e,gAAAAABqxupFRDmMQk7DwKJXyo1AhcqGOVo4iRvtO2QQpjD5Nckh0oIWZXwojATTWSa2XzF9k_l70o9TthQadoI7kF0PpIZ5gUbVlzry9NoxIWihtBvpk5Q=,gAAAAABqxupFfSFVP5Xjz6NJvYHNpd9TtfRTQmLboqg4cahtyhfMK7CaX1T1tG_hnoV8WQcq7L_dM0zXhkJ3CbPnNqP9qLrtxA==,gAAAAABqxupFmh4650LsUdsmZZhH3ft3QwvQqgGtQsOjmdA59H5h2mfP3JX5d3L0kkYvp5RbOQLGSE3iVd5rB9IBVZij3wU1dDbUL5AVhlz-C9rGRonZWInIvlH85w6xXoweaXydt_f-,63160953518566500143461492460504501071
100,e22b40e253abe45aac35fadb6900194aa601cef10502108fd43ef56a1f7850db,C7S6iWzhf55CdWqzLNpPeA==,6703407e84b73d3a2907e910d90dc952f708dce7a7fa7a3cacd303a4c785c0ef,gAAAAABqxupFwefeu0kYwtQCgOKr5wsF7M5kpqMTkP_lt4UgwbA4wrCSF7rS1wfpiPE41Lxa0C8u6IFGwrIel7V20n1tBYNHctRRgGQ9b22nTy0z0LD1BKQ=,gAAAAABqxupFNL6CXi6XCMthN0RbY2LdJsPjMXyz8yD3dxY4H7GlBgwbIfR2xcM3YZrO3YPmF8PHnqyLwBMlYsPei_pLhllVHA==,gAAAAABqxupF0tcomuixL6erg8aE1JbYDHMUbThc7vw744SH7K9M49Nj7_Ckxj1uUATq2yd8BVD13ug1hIbd_77a4p18SlDcnE_BT__JXMVD8ONxXELCDHq8_mVJ1SVR70wvtjHo5C8p,1577783191312857535637944663616551101
101,ec809dfeba0569d0937780ed371ca2f20f9f362cd0a2513bcb483522d1e4cbdd,8QdXwXe-4aO_TWNZCbGeaQ==,81012895f4a26c678e29a882098af993b150b50eb7d0b8c2cfc7717afacae385,gAAAAABqxupGYPtwSex_iq5lPpdg6RgKMhCaVUYuHzoUOM_Gj26ju0pBDNIXdKBGdymfm90ULo0EuPyX6nQg9hzbrrlOYdDyWnNbSUrIDWhUCCRpu2DD0NA=,gAAAAABqxupGNFVoletw9PW9DoJuEetHyJoQnmu3OQY3kNdO90agp4s1Cz4JI_f6R0vcr0PSDk28ObKzD2h1TdvRGHjLGDPw_Q==,gAAAAABqxupGzLJYgkLIQmulhwYIAJKb6m8Ky5WlXNs18U_75eyvb7sa_tMMHl5xIkL8qmJxhIfX9rm4jUJhii2B2eWJBMP1P-iNQY61ckiwKjyBfxLwPMLNX1Ol55kdul_ZnqSE6ZSs,137754467509735838067767411337899405689
102,49167cd3828f7e9d037ae9f3cabcc7cee3178f22b7532582f3b1b6b6feae27a5,Rya8NaHtLl9EYYJamr63mg==,a549044068b5aaaf282c518931902d547e8487b75469de93eabb8557f4850faa,gAAAAABqxupGmut_fFUZKjZbTfbxAStsB9AAYeYpCQ23p8HHHvbHoqKUl-RzXavJTpoAS0ZPt8ldJ4lcSqNbMiJxVAgQ8QzrRF5Pq4yKwF_TJSQSi3yNx-0=,gAAAAABqxupGaDkz0KKDaH32MZlSiGV8EkaXuVirTYj-6__OVuI-4I53RbL_sRxkevahPJaxabgTG88QBsWFCSK0Pa9KxXYD-g==,gAAAAABqxupGdiRCMGKJ54Qm1-aXqsTwDADfCiJS1A2IDpC8c7M9mjQgFQLW3KD7b8NZ6TcYEQfRZHIKMITLYYPANJCiTs6WsLxLNmHw143BeKVyOBMMBLjQkXetuWM33eKsFosgkUjF,42647725002510562971948849729484825600
103,08337f083a0c30291631194cfd30bb7f1be4efaefddfe2c718f59f19e293f133,-fRrir5A5klb_VsrVTf1Xw==,9f838aef0a2dd06d21457bee6668bbd947a47d1e178d581e954e4ce1b405edb4,gAAAAABqxupHGLVi9JfbGRzI86IPyXfXKtgG2pm2iwdbLfgCPioikXbpxHP6NE1kY2IDlFlDqZpC2uQhcgdBF1pk_QHwRjOgRY1uG_BiCxSMJ9WiozjYKgY=,gAAAAABqxupH9rLHhswR8bjoVtc3VuoGIk3CF_cDAtexc5W8fAGag7qVceNY9VqQOQiImK5avEaJ1g4i-kQDShECFPmXqgKdnQ==,gAAAAABqxupH1GwEswIgjGldf5WkQQwP5xjsPifFjcudWD7jgp2h1r9imHM9BBXndheb7G377RwtzgCrpH3vAeJ4iMpsnkfH3ljCVyXGUK3Vq0DR7GO3AjuAZ4OfA4p2_w7WMFePuso6,68112163815896954575333859839853540335
104,71a41bca999de0e521544b813502ac28341d02248348bd43610bba5a6514b9c3,zU9fSHdRZKppEgiu27QxvA==,1b466868ac96deb87a01b04ba2b27a88bb2ac25f90f8d7abb82ecd64b44bf7cf,gAAAAABqxupHkUfwuufTFyBNFI1lZ8sTMvDDs76EX8SV9ARxNFhuJvNBOpo0dkwtOj7r-NZlmi3eYpLfq2DWcNPjltZgRql5xeQeZ4DZ7GfsqtxXZmgDzao=,gAAAAABqxupHddY-Z5KJavCeDTlEhyM03roVKmqnoDnHTDWRx9vyJFnokbQ8KFbk9lsxHOSXT7azkz8rdc1wGHjP5nAcong8nA==,gAAAAABqxupHJkoPC_GBxTlSONW4-slMoBRfk19bDXrnqXj5VmgUSiZPDKhRLHoobKmnwOTkYOgITOLep04Zv2D87OVwdKVK86Rvddet_PXAJr5uX0AmsK3E30aRCFTtVg4vQ6jKH82o,153662796371995611428824815662156507154
105,f4d4147725de844a7a57c050a32a364e5e4348b1addc6037eac5a20ed132388c,jqITR2hksH3D1c6t7mGDhw==,cc9b904b7ee57b08464cb59a77ba6185cdef31819345698c0f0dcf124d0fb7fc,gAAAAABqxupHzdfxeSViYk26MJ9H_BThe4-2ci-7fs7Lv7hWfbIovODthzB_9jHA-Lt_4hj1YrXjkgQ-YLR9nCxHlGte1-JzR4AbD9aonZNIFqXv8f50Zno=,gAAAAABqxupHYncwIHN4I39O3Bf6TRlBEH8f0NeLjU1yTZA2KbyNvkVr_Qe0vilQI5QFNNTjAXspn24-j8F6eK6GC7PywXDKhg==,gAAAAABqxupHJI97hByR8p5aGYoYFC3vsKIW7mMDe6UY-KexKUTHKDlH7IewOY3DdYVAvdmTvUPrBy4DWW-7TS8HHRB8UKQBFy9sDLgsQPoRrYbRcX_kq-NNfDpMXWOwQ25v1heCCmWm,61307929751040942229648299350840387139
106,f600b4ef0f534818f95934083021e86a30aefc4b21bcccf240e0c3d67cb1ac58,ILIaRBZczddi_IV2xLPMwg==,c8b9055ace2ed9fb3699bfd9c9a51093e50706663ee5c831280e17e37b9f8663,gAAAAABqxupIobCoGOFOVZSF9PZC1zBaP_YWrl8KR1WR92kbY5LHut3QQQP4ASnT2NwMEN-PKe8wA6kuj6Rl97_Z6u_al_A1Qe7Pk7SsKDCyI1CnP0WvZ_k=,gAAAAABqxupIYxAGomM6Cu8ITHE3KbC2oEbVDuUga6u9wjCmKIhjL5knjmNVAN5ldKMTWMnzIvHHWUB-Jv2exIR6yTJTU8nSxA==,gAAAAABqxupI0eLFbrf32-oBHUTaFoq1c3JCbpuYyGgu9Ev03Ec28aX9K30N4804_RNaEx59EVys6Qqg3tEi9EdLqCTY7c4r0Sb__VAbhPQrqpIYMgaqQC_E9Q_1IovFLiV-KtaEx4nT,7144290686299745011842661517872731384
107,3b6bfe36db7034d6ba428629da7c58ed5b62a50ccb387cf7627d211c4ee73073,EeKRTHRATyEtJ2TPgeoqrQ==,c4c8b8143ee83be86a9d9e5acc1dbc2a1c7046a7186af2299d30e5e91113bf39,gAAAAABqxupIJjbeBqgzIVDnZyuR0Actnoj0x9LFbeDehRuYtvKGodt4aozSVquz6LH-6LAQZ0woQKkl8XkSM46cFbrzxvntFas2X0_T3ZIYnUF2F3VY92Q=,gAAAAABqxupIUkOIy-VD31X1R6HCbMaewnZd0qdRYMalCiZEz-Oh7Epb3EqkScHu8gUmoGaK9ZpX3oOm49x7V29A03k7slowRQ==,gAAAAABqxupIsBhiIQMsozmi9Uy8Knx-synIv06LpFCe7gXRo_Tlshc8NPPLCC4FsMZJB4Zvr7rSw3vCqp1xKabIfum2LwzzfgLmm0KiqEN_9MPX-Gmn5_mBN-D2FBJB-VehL4Nt2gAi,44487904571697204450982764249765098521
108,ec91006880b7b984a3b6354e64a0290d8d94368e9fc325ac957db0fe7eb848b0,gMnic_MYJkmM1s7HT3cl2w==,db43bee6d954b7a3a99fc6168ffc3d877e0b52db10c29323354e80561c3a5cc1,gAAAAABqxupJcooD_B-q5D8trHINaIuf2FhEY0y3SlDySQLYwYQD4-YHf3_K1CtH9f6e713LVmtAS8dFWA7mZfqAHBOryPiSLuN2UHofSbpAlRihsjfU8T8=,gAAAAABqxupJTwDrpeuEWCJ6oimAUSY9Bic-TTCnVHYdcdzJOQWe0kdTf5GDnSXdaS-uwk9tGCGpk3a3E2nvv4YrFi7dPTIfZw==,gAAAAABqxupJTiqqmihB337ThJ4HOHEZM_u1DhdmRM7Zl0ABKq-yC2_wpW8XzAd0TpJBSQrFpZ6sVQD59XIh9h7whbONY-_mYulid1Yk8jDlMkHcRP-6fUJj60wAWETl8wAe1qoHlp9O,70921658147118698694046394261856676882
109,f108f4aa201c3ccb4f8f0acd4ab73fce92573070644353ff7630980913882a6e,tK2IzMwhiF9lZ_FG-L7gAQ==,ae12533697e14fff1e5ebcbea7fb220ac4e133938235fd1aad943d66a5bdac07,gAAAAABqxupJfhvVNDUsRS0LuPJ-Cr62kJcydeD3FQzZ22lBu_xMdEF69FbeIEBmE5C0avtOBSMnv5cN88fMI1lkub8ADTQAdkR6WGrmhHxB7_rTVEaR_so=,gAAAAABqxupJXz1vV9mfgc7Ylw45R2BDWCpZThDQ5sERDaj2lOWZJ8DemoGoUhlLSFBuq8wXyA-9jDxtRTz7W3EKW7kHs8doZQ==,gAAAAABqxupJXO4RXXQoCbgYsEgF1a-R8Fa_U8tlPnXUByTq0vBIrbhDhlR_ZnFU2SIK55WNkHjaZ1ZG2hbthPwiH2i22s_3MyfXrma9i3-7ArkZLYtVkhhNDriH7RNLI70wOHfMuMsw,168713411578836658533519722500182235974
110,07c7f887b9286ede6d42e206c890de3dd025dd39af659cdc08441d43e6076b31,eWBG-ouRZYw5fRa-L1bPpQ==,49dca443bead7bf81890586b9d2043c7dffc31b127955562b2846e41a85a65ed,gAAAAABqxupJqXlzcR386vpY0xdoaC-EvSlbPgDgNel5Jt9d_dAsGjvOCN9lZvXGJz_Quwc0OwKNUQZ4miMdCWw8ZZ2NkCbnzVMaRNC9aP-rsF5m2BjyQM0=,gAAAAABqxupJEHV9eLEbQAAtgH7N4gm2U9TSiiWyViobClegYpIja16DrnRiltrrmMNc8Tv4gAoOxzjMfUG3S31zf2AkPaLI3Q==,gAAAAABqxupJICORtcyL9LB9LVTqRZCfwDPRNsIyEQp_TD4YZ7GolG8Bg41gYNmo1y8_T0VqTidOMQQxkSU2hcITNPtoYtyrZzYlqg6fCumdosipo9QbnL2ptajUe32fCOysK9XA1_Ar,169120129631243150463548516131586964095
111,0696828a73dc0286e4d883dfed5097462e1396b467893721ef1a3df6f65ed922,y_DzeHMfkPNycTjOthbzjw==,24e9a95e5f9aab3b883ce1df0977ff7d71de01823fbc6bec3be2202a026b223a,gAAAAABqxupKdTZBT2hMQDi3d8GrwXPRvzyFWLS9FJ0ROMpl0xP3dY4yXtttCRiozVz9oftgOcKGlCWCJs_Th1K-VmQUOLSYUPVnmFY3xl50ZIRo2vTkXBI=,gAAAAABqxupKPV77a-aeUaWs5WY9FXfygg_yAPlfAEOtI2HHyby4Llkd0fTEQmdH9wWeFvST26tUQTT6LGcpnnuPTShpERE4ZQ==,gAAAAABqxupKp5JkjmDWnlfIGGI6kuZ6DRKxiOc9EFX09bYDTGNSFYHs4xAOuzNwHw6GH2Thf_-fUgpcf-Geg1QkV3z9uXxRycE-HxGBjfpIEvbXXSADSl76wrpteZC4NO5GvFKIvfes,104376302221820740947153058646883681801
112,d0b84d5b8e94dbb13df01fcad3644373f97531af252355854f8079c3a8dd38de,FJK1hsdn3qV4d6iN9uU0QQ==,725573de1f4e34da5961c08c0fe420f2dae9644082971d90bdd5173fee3a8c91,gAAAAABqxupK3QnY0OBK-zl0HyH5i9uJTX3H57w74v-WBzrJG64zHVvauSJA31dv8jvzGsfmAl8j8Sy2FKFyZXmFiIOiY7r8ZHAPc28izTijDlOAQ3GHYNE=,gAAAAABqxupKIRYOr_i36Ji_2Opj3wsvz3OWKAin_hCW_0ytqiI4VfMFci--5eRfr5NJaJbY6z-bkzROhV86wQeGVSTFNmQ65g==,gAAAAABqxupKw1EfHr_k2HS28BTpCs9aeMoAfjwvixpvR1EyrMZG17LKH9WeIP0aHFVjxjlyTDDmEqyY8C_p2X7zk-U9moSRW_bdixOgTDo-2octOKUyQDkOX-8rbd-cawjcGmk5nVdM,39781394978043595922225701474996010415
113,cf24e803d4f615c9fb5c5933f01e9f9b580eb1241d91306327d9fadafdcfefd3,JwetkaDgDCymspM89QU_jA==,1682ca2c76a640e128a12445c172698bb67c6d5e68031aca1be07f201c85c8a5,gAAAAABqxupLKyK8UUy28p-xCXXVsgjOQg1zCsclDhzoJ2ZndMnKoJ8XqPnsdJrxKK6yP1acJvLCEeVrn3B5FFl6-bSLo-mdSbTy0MT1JFbW0zMbdi2sIks=,gAAAAABqxupLnh3hE_gyAuCwef6JPpDYdt_V_Bpjz-8olZprk33CvujcqHqlC1e8jxSjXoYzAnUzba_Q12QEr6uciTnh2sUofg==,gAAAAABqxupLjc5yTRKlkVB4kjqJsMbcCCaDeVLx23VWCtKcPSkG_QuFE0HUjKbgBkjdOtaW3bx98J4s1DsxjH_9bw53QMJPzH8kG1GHVakggnTlj3BNBK-reA2kFDZlW0y6JMXD6aLz,20380553723751451512287391141247730745
114,30f722eadf63b0401e0f98890cef2c687f51c0c42394fc0e41b82628bfe59351,36amYUj0IHDcvVTU92m9gA==,7633dfdbc404c9b225b432ebc81e2281e630c132a3d463538b53c8f752d9a805,gAAAAABqxupL9lqFx-Rtqd2nLnIHDk4aBmKNYn41F0Xvcc1auTU8e-hwB4qh0VTrVZsX-JD4KxcymUYHYtsdYCjSfzzgVfVbwdMuE6Le3abDnxilDnX9LH4=,gAAAAABqxupLd8PMS-nZGlEWOzn4JA2z9NrxNC23NCAI66Vt9Ygi5NUmGvSdy6JnaUq9zwzcuwiJi2BXWpAhpSCxhvUGY4OW0w==,gAAAAABqxupLKqSD7mLMhpG1Nx3JMuMMxlpsBFI7pA2ZL_OCZDZWQOMVan4fCwGzwznqBD8HmYnay3tyOWe8HTKxuyhZWyIDQS83xusQZ8fGTM-Dv-bG0-36OLO7VYfpOHA1qeQG-Plp,60039033024567641733009846229785869312
115,5814f94b4bec7a4f1fc2082b27a717080dd083ca1889228a7fd6912149991ee6,3ma0kw0vBwkmq1qp65aIog==,fbd982c88a398054afb47eadd525b2e173bd85b2eb6621ecb86ad4dc1505e151,gAAAAABqxupLL6MMAsljTCnWnvLEzDRfdnp2iTwhaP3XdVmcBKB-P4aqkfaAKKluLspIvLtTHYW-2cDMqVtx1BfTTB20d-op25V9j0fAYVnXqovnNNkgjS8=,gAAAAABqxupL-2DKTcGTKBQxq104iBOMx0UTBiFBL24YgHMu-0cb9FJrLdCUp8mk9qTtPWpKz6bLEvGZDaWXPjdVCimo68OAPQ==,gAAAAABqxupLHJN4nS7lZrD9HvknrTPIZNlmZ-uFIe6tR_DPPSZtyjNxcuDLmbkVge_nckDa0mM71OIMR6loQuhToL1csojc_GMd3dJT9FsirHEItMa6Uq5vAbqkT2K63Uup5w3m3_Z6,147799968944738847541146238095601168848
116,ecf76546bef1cc509a9e0defa71157ba5e07f220617b14694fd629fb9e1781d7,XLU8jugfe75A9fpyI5eulw==,163614a9a8418d473d8a1ab322592b8cc6fe521bf351f18da355cf16cc808bc3,gAAAAABqxupMUkPHirhgg3H3QUJXuqyOGPgF8L18Nxeij0RykltTWZQtg2tkEEYZ4rBD2w09S2Cn9yGxLw4wEqzE0ypwRVdBjjXt3EUguIlGmMYNmkycXFg=,gAAAAABqxupMw4GDkNdPv1J1xkvAXE6tTcdKHtxwsWUzPQZocIw_HaYhe5VW3kflmPzPky2jObZcJ6y-dNWUbrCwNx5_v62osQ==,gAAAAABqxupMfDSzDwLI3SqKvO5MphhFzCY6LR2TIrqa-nnWns4RGq18YJ35tJLyLczFqE8s3qrVvC4dtJ3-ARDVu49O6k5zSQiyHPqydXV5ABOncG416vwFfheq238wuXYHt6refW5r,53283275673494280775671032469454173535
117,25ff7b47cebfa6b3db3d890690ef5a1ee1fe15941a30b24ad9fd805d1c68c8fa,G1DOkG_gDqAipsqyZ-Lnqg==,46a4011efbb7ec62341a870c784be486491023703b984495030c2db7e009a967,gAAAAABqxupMg9Dzc7Vl6t0Ls4asorL997MTZJuoPKFzdKSv9Uz-fY1F5KpZ0Mk61jmmVI2mE1NFTcEh1WP545nTUXchuy0Mco6cZ6i-L9epkGnB0vmViZI=,gAAAAABqxupM83wltHZfrzsCgQGLQ9kfmGcRY-0nunkWXK-4yJPT7OG7d_dyo_Ti_N6fXjppjnePy62gRr-t-WvnxrKOnq_pYw==,gAAAAABqxupM1yg_pT-wHhI9Zm-WMTsS6QUWx5FuaQsU-mt2bqkN6_KQdKp__BxcQW-jW1c4tTfBamiDa1-BDckIFwqANp455Sl9QrYS5cyAGQBsPrTwer2GMjlCKp-BveuC-O-NdKTM,112267126167232096209557570510708868817
118,3ffeb83b5751383a5c5d682f4704124cc723be3422add6c73c8ea6d71fa0a64b,150VCHipOLHxc53ZCHlnmg==,5378b890bc2826b5334a5d222d40eacebe44e73edbaa9d5913f1cd0159b6c697,gAAAAABqxupNmx6lAFORca-mZbcgP1wvRWws-LRPA5MuyYEkhNbUi2Ch_EdEsqkd3rvdiutXzf4-9Upy-pEvARHixoXJ0xNhXtRVo3Z-xlUqmdlfBy80zng=,gAAAAABqxupN9OWR0AgH2He_fAeMNpZc2Ky1Oxf3yFezG8VhghnGQgyeS6k2kwHUhM20oeGLalJteDs-yN1IWsr2xaZr3qESEw==,gAAAAABqxupNtcvN2-SeGsk6KILr5jCI2FMHCn1NEy8boUwkplY9fYwchj_EFBFgtXIGlENHY6QjLCDhIP9w5rNN3tJScWaJJD9si3h1EvnS26YrOump2Edy_5u0s-5kh702W74i2z1O,160424788666353579003762932398634052114
119,dd16f05f27a80dc5520b3eb44ed430e4e30fa0cf10cdf1e27381f8c89e61cc22,sC2ikO71bHVmyrfDdgiKeA==,c74a54f8e993d14916119e751e3a36d8625b0a5485ee06376438bf93b0c8df02,gAAAAABqxupNHi4U_gQoalYaOLEZPS1n5PyXBxoZwWSVyAlQxh-7xSuWJd0vMrPycQ4ZctuZdYLOTwqWu-jjE8mUpwxS3qEiKCR3WeDYOpU8B17T38nQ6sA=,gAAAAABqxupNFm1W8Ye8HT6Off9nrYQ3J92p0zemhxLGw8lc80hOw1WoFA1bMn0k1BUSZzgt0s-m3la8nsT557r3wterX1rr9g==,gAAAAABqxupNpjdkcaqkdF433DjTSZuwlysK5f3IVsX3fj_N0WQzCD8PWx91Ox2ZP2QkZUEAtgglOVaRsbttr0P2bv2R5Fk1ENYze63V1uG7RL2tpIMebq-VfP-rac8uu1vhJrUqfW7a,66858424213202736169494281722860080395
120,ef82856871febf58d6aa363fdd2c0f6fab39a5e3d43f3a54d9faaf2c3048b528,5G4G7K-dpO0_EiWt69Sv2Q==,b1350cb928492730455582341970494bc7b95d8c06a2a4ff87c33ae116ad832d,gAAAAABqxupN0wNy5G4jO6BLc62-nELM4hPMzRAzaEr9Ld5NQjdSH_TxFm8j_vmu_aLEqgbg6C2oWA4slR9sG6wl0BF5bfF41dTaXrY3y7qBI8eDvdhzFYI=,gAAAAABqxupNn_A7VK_1F7eZig2gxRPMpVqn9tIzQJaYtcb7h3yzJ3Kmq8pnPUhkUfk4eLqH9kQwbKHiQQCAn-h0ZDR3HEglGQ==,gAAAAABqxupNFsfnnPnIy-9pCDuQ1kcElerngKUVh1toOqU16SpEOojRMn7j3GFJFMN32NSZEvtMYK3vYYb4dskgZM7C8myBOz9mpCBzXsAuAaKhHZsNhY7xRyO8ngwB4wRRpvQU6soQ,163152253692293411403592624603430574158
121,7c6ed838c9a5c9104907987902aabfbd938fa1bad134341a118ddeeb584b91f3,bo3dQbyXy_BrMv48Brefgg==,748735d88c7a938de636e448590f7d63b0f850d4d1933d319dd8bd5e0e436cb5,gAAAAABqxupOv9FMTEG3zJAHbR_NEa7As5y2JLXoZrebz1xBi4tvB1JMkL3OFvKQVU7Rg7EWX4H8_J0W1JDK-jcOpehMUfWraoSMhBCOg8OeGMwaFlzv33c=,gAAAAABqxupOX84Fbuvle3VPwuy9R-mjTSSFAE49ABqrSWqPMx2D3238Y0TgPi1rL9nLFy250J9vltVK0npW91GXd9vWxFqgUQ==,gAAAAABqxupOIYBfzEC3SUX2jOQazB3RndZWmh5JGKWTsd8dFhHtIbMENQT2H5HcVHs0icQEDat74ZSsQmQbDtzhkC_oSeJTjCGS15gTPrfzasHyMlfnpWqY1Ehqanp67HdejHO5V_oE,56526969817642370712031914769758478522
122,629fcaa1fbd2c8c821627689503236bd3067fb303e110d903df6f1d3db69011f,eZ1jW96jfj0zZ4oZMO1WVA==,dd73980cae41003490ab2dbf557b8b843f07b7d0513bd06dbd916609d5d6b1b6,gAAAAABqxupO4b_Jgmj1sOqo1X0a9MPI1xEP45f2WY35sRKCpl0znjzyb1paWuHOxFGRqpLllQC483RV5yLplrkjNm_zsYNek8o7DyqoESXDxSQgpsMk3f8=,gAAAAABqxupOXnlGtid0ZZ4JGhzIriScX6p_Q9y1f50rHGgTU5eOBqUKVPXveabH-tP0rMKxuCf6IU2V6vN1WOiBeTnfCMo0eg==,gAAAAABqxupOB6wmTeAZvY1ZM71wt05Q0lnBLIqKWxn-0WIGBORvvdDKmZdb4I-lnuzf88MdNORE1aKAEK5kPkbxpwRQKAyyqpqI1PQygLhCG3SyRnV4-AF7FJf0_qicOJKbTOCx_4pT,66222112342243688231525274514480819730
123,0cb2500c655ca994344e814c5bbc97fde857d8d7e50fe2a424c0b0b108b91b1d,QaE0vjZEvYaN9nNdMkDONQ==,d54a07d9a1cf795fcd3e38e48ae0879932db68ab88ea291a1982f38a9d196ad2,gAAAAABqxupPvn4xxe7DLPLrpAHU3e5NnFr6bsl6xRx63jqzEzXbEd13HrvULJoVQ_ki7oU73PbrcBIwxxmhrqmFl4j6tJj2rEqoOwP4-v-mUgfBd9mOAuk=,gAAAAABqxupPgcbFHKDgjsU-7QFqGX4eYdfk5vgKOqoQxp0WqzSshwGnVYt3lA8779oUsFww9XR0p85dJNomwR97yv71xdENxA==,gAAAAABqxupPtwiTJRTlPieoIAYwv_VE77NRX19igMmy1i4Lq-QSonMWpExVKPGNDeDhA7zkRa23UmtDoWGAXotenF_Zvu7l0lRPeNNBo4OavbJSSwhwUvUEV8rdc1_TX1L8Y2XORZMo,122301765331492961714466447775343410921
124,d6f31ab96b8cfe2ffb2cbf0890e254f9759125ed409ca4c5a545509de8f07795,F2d4mZbFdHGfP7FeqQ7AZw==,3e0a990890db84d1c171b2d2dd89e3f9a82c06f048f2fa5047eba9da74b82eb3,gAAAAABqxupPI949WHYmu4QWWU72FZTJ2yGsF0AVy3CfqlOKzANwUAT2G87sTkUydmIdpVTcsAkd0vVlS_8X9tne1PwuLNn7iExDwRjnQydlpv7MllH22mE=,gAAAAABqxupPwizeRrT8dxzchOuMkSJmbkVf1RNoHca7oNJcV07ICXO26KsZILmXInrCVLHUMVY69LOgl1rPvIjLuJ9OXc7Kmg==,gAAAAABqxupP7076ZcYU8B2sjBylxDCuNU27FC8N3XEXOX7EHdW-OlY_JTMw1Wumi81_on4ckp1KqGtRXqWL7ucEj7lC2FsgPHnpeo2Vwbbrr1b9LxQzHPljCnigNbavzIb_ipUIMITo,93798419685432976450855857139915245045
125,903cd2d102ea18973a852ec035ba6df384a2ae71115537c4675caad6d3143a4c,N4njzYN2tqrhtM2fJ_K4Zg==,d43fe22d2c8b3cf5a7d88ccd377b9290132ee2c2ca3741a7781ae54524e30db3,gAAAAABqxupP9h1AzEAxWq4oYJiv63mDLFJY__Q3PgGDF69OdyEH4Jl1b_Vkcjc3WR33qdxUUr6MT7vmu5qzlz7ClWrILoozb09D5klxooTgn7I0w55S8kY=,gAAAAABqxupPvg0dcqHqsqLzM5oTfiLVOSSTY8hZq01SMRYOP4zCTIa1Q5XwpItFJm3yDQripcESE51LgpluecQqe_NT_Lj69w==,gAAAAABqxupPgD9hDoktKDzcRo8RX6PPrQ0KdAleW8ElVf2gkWF7tkNix6D11iRnUv1YZx-4Pen3xRODlqc5RcdPvdot4FT8AftFZ-rdcJmyiChFrHZIU6LVWPzvswrszZeJsqgXdzts,24217981110103609719559795241760536628
126,3f31217976052ea1e432830251696bcce22e3e930cb08d8be4a7c8da3fa1ec76,KrtqZiFasaqSB1leXqgTIg==,1c6eeed5802d55b6894ff3ffd8f76ea623fef315a16611032a27337ca20688f7,gAAAAABqxupQLfdzYD6Ew9ouKbQrrO2VscJ9lchVX2LtxXJ0GE_qQ3ldCXSLyF7NFznfWV34H1fgwQOOT-PP1WdeMgQi63NRSEjSTrZioO1oI48tgtbIVWw=,gAAAAABqxupQVWzcBFkbZzh1LenjeOb4MHeZfcvU9BW5CK8KpRaTSkHxbkQw0nlFULR4fWJjTJ_-FFqAo-U2vs7cwzzRamZleg==,gAAAAABqxupQPmqogKrni5axdRXS_LCDTW1KFugvPdQ3glJlLuk-qJA1XXymIhlmm1M9OPtrZzIcEaji-rrcAxyF5GR4e5h7TdM2K4YmgLfeNR9J9LiM2WxHPkS6jjadqEj-4hMP2oXG,74469610368024039271334742505025855774
127,f1046f21ca030358eee4521ca41998992df4fbf6b3749d52e9fac7f4265a30bb,ymwcBlMCVezJqEAOhyeQvw==,971e6a74c94234a894834c9c6466e8ff840c20cc7ea594d8b5519d2dd5e98f16,gAAAAABqxupQwVJ7VCIKRWIaGNKo0Ch0nZpjGSFKvzdFMDv0TjTYHccuVy23Oml-SnkxUrh9ZrD5O0-QnmJA5mKweTXO3r6FxovYT_1dpxymPX_7m_g3wBI=,gAAAAABqxupQFUw8yk87XXs6S5q5_cedW8trWQGrOJhMI6HkEmHapSORR-kJI9T9hqpdl1c151PlcaERppqq8tjkPmuHf0USLA==,gAAAAABqxupQ4RW71DyXEqKavdUCPNYoyuu53DQhg6au7VWfjJar-h1FTgadRGZX952XR6g5X23o9P6ieOK3DMF0IK4umO_HJHWoB-zrK7IepObbnkWrEnQVVUmSw8QmOEuykZ3JpTyp,38523727671719209296515655416867244893
128,72d559dcea497f0f87c41937936e421ca456bab6db1ac9e308453247468c6b48,a7LwG4g_6S7aRFtTxD4WYg==,33112de86160369a6f6842f2be85cc01c6b5d8f3ced728faf6954bbc3807cfd6,gAAAAABqxupRCjHMWQVd7tpdV8cD-z9eLjta8TcDXPfNOlKbBMsm3YRd07ry8Zd8_jgHJUmwCVjX12UhrZsM-TvWa60kJE4jOp8kU3SFSBGoVngauodMQBI=,gAAAAABqxupRyyOpR95_BmEM0XaIgHXlirSbOP-lyiIcJiExlwOTNOJvEzdVAU7Vsp5Yp9IxQlPntYAGrmllOf6anbDHy48lJQ==,gAAAAABqxupR_lB105Ww_d04oHRDyyhzFVV3jvhJP3rNuqVGCFrus7vFvqi0RGS-HiFv1sKPAoehyEX8VXq98nY_pePLkQZVnvJkJtZVk4yy9PQDHLrrq8d0f5rerf5KurJeCIDBr_AQ,89099608847762502354789580904998418205
129,14240ab3136ea9d666d79d0df64dcc3172898bec26a02aac49013f0c85b57e69,kzN8-k3SL7gB95EU_GFTOA==,4eca4372e0305999b163d271d241588c1cbb12849ffdfbc068fdae09cd1524e5,gAAAAABqxupRasXMVPNsgL9XXRiOrZdngDdl35mlaG9eH6kjdQrpQ1RXSQ7EPi2mYqq9KJr3V4H05wAXO3SSuyyBP0HinVNGLZDXKgI21AdmzvQqm0cOtuA=,gAAAAABqxupRGERx8ileLPvAJtYRWvPLFu1B4LS4s8KZ_8hSw_KXRvUjsJhlehJDBYdnfpjRzl8I0AwxMobgWhJPqMnFe-7Idg==,gAAAAABqxupR0r5dYkMdhPdA32BkP0hO60irexWjgYIYSe4drCGcgTzN5mWZliuh0yfov2peF90sO5Zgq0dLh-llyfgIwHNPox793bZ82-cT7ob4zWwrlOetkndcAZbBVU4PwhVeQaww,6571114406416298720609505035447339308
130,0b5c122937953f1257f16064609f0be1e639621ce700a5f3fa1c9bbcea2dd5eb,JJ64cUA1rJ6jIX7i2izaRg==,67c369b0b6dbfd42d9f8ed4d73e377e604932a9c9cfee0c5d3b5624e8abc9fea,gAAAAABqxupRmywvxRUuil-I3n5bnMjZmm4kfrcLdn167KxOwBxvrKtWXZPIY4q0zBIbcYC9B1ky4OnDbgj7UHxWReNOOIEQOp6MRY_K9Ef_wPTTVNlChk0=,gAAAAABqxupR0EpOWt7lhm_UuzCtnSaDNRpGdQUg9WPCl6-if86exzm4Fx6BUzZgc3WnW3z0pe0lKG5ob6aEnPylDFn_I1ILHQ==,gAAAAABqxupRg7ShUwazgQuOuUzuVAv-VXvAZdJvIl1DzkNfiTlZchVYT1taZxri7kCeYCukJsHnKNh7W6kdkwhAha55D4gQpwqAMuw82LUJmEeM0FZGQs3OfFLiWcb9233REqXRY_Gq,89206594946084404006573655721622524237
131,604e89439d30139dc9a173add1817ea9603e7a1afb217d2591f5482843cdb798,xlTF__Kbmf1NwOpAUQ4mkQ==,b143aaeb726fe265aab27510d8a218ce52066ea906e4993e5a41e40af65bc54c,gAAAAABqxupSn0Ap5WMOCHtAOkqb73EVl15icen66wZcVE4SBDoZ1t_Hog9VQ1pTyVjjiN5iKsWqanpZ3tyJbnXjKdsOhJp92Sf-ewy--k3rNn9xWZHBwGg=,gAAAAABqxupSjUFcA8CaQjhE3H-YdeSh71fRpoqZYwbsqcR3aiABrmSd9XgPRjwimoSqW2h6pk8j6ZE78hZyWfs64CvSSpga3g==,gAAAAABqxupSPM-_qMWLozNinkpiG9ep7ROsImeZa1R3Y70JbGbFguVl684WSH4uGImgeeanLbs5yfKdGJIFPu7aNlTAvyeWha6Xl_UEHJ-YaEQ76wTn28agya4GNfXcQFKdtYXFqqFs,21651912973206807258807312776285087542
132,3e0ca45c6a9a2fb1c8abeeba553af2ffe96e88aea8ee4dc1681e0a09eaf75f3c,89UD7ED_xKAdtwHKkvU1HQ==,4d0b0261e3802c7c8d39fdea091ea5cca179287990dd92b75ca518c77b199af5,gAAAAABqxupS5qA3E0q141etfIuu7JVnXXUMlhGr8tuB1verDaZ7j6PAaHvGlDNvvYN5YuBoOU8JaoQWot30-5zhLHWYISgrWnDXRsD6Tq6oiCGa461dEMU=,gAAAAABqxupSe6ifxByUmJsT-NlcdAlIk_bzC-846gcIU_JLFoPK14QsGFmjFLq997_Fj6TNMfDbpT_97g0lqp-1ibKQ-n_-lg==,gAAAAABqxupSaBgomRwxq3tLN4Hwb8ZRboWsAe7ziIodl-a6W52E286m0821OdAaDgh4Nmp0WacmSTHpGSPd7GSMemOIzzUyE8Gldy0SjBSaQwCLAL8RpzWf1IMW6FztdFgQN7fZ6XwD,76895325342454626719343237907863746452
133,2839ace4117c899ded230fc3b17951deff2f3674f1e1c222a702fcf81e9e40b3,cPYWe5Y9NucAWLNJi0IYgw==,4a6b06511b87aaab39e198591068aaf62b563afcfd595e7494fc44d04c122c38,gAAAAABqxupTeT1Up6RXPTNC1PIGl4kGzPiLg_Hd668iflPzkxGhOXfbWjnH8vD5I3CoT1v9bo4vnlG1FbfaeXdPymBlm5vL8R1iaLoqNPTtm0vGmucAb2g=,gAAAAABqxupTGNvFblcmkWiFrPntpJWZvydLv9kOWjG8WMqXRNS_fP7UCOZjA7bPqUnqxNSRfj6MgbFPukW3-AW-_JmB4oxQ9g==,gAAAAABqxupTSmpyp_h5VbaeC7zKHBH7dK7X5VgUvQd2KIlnUEwViA5zKe_43wYmXp5k_zAsqFaOjzS4dAd4g5_P4qOxLZNui9fDsgyfogkR7gbbtsXyM1MQu-RKtx8Z1eKlBIdwD9DE,91609467690428633191326165191361855079
134,04209ab1d7850bd4f311afcc26d1450be488afa81deb3879f5e2cd9dbd9b195a,xpUbs__7dmjzPmELEqdbMg==,f7b135d060f01571541a3ee834c021747c7c355c589cb7a13f77b464bd3510bd,gAAAAABqxupTpalb0PSoQ2cPNvbY1gEQOLa4d_XPBRSwa5MPCnhtXEEBEHutjc4g09DZM_mkQow86Vx-1B2YbxmgbEWUQiQr8JNa0SZIs0Gh1d2fTWic1E4=,gAAAAABqxupTUAKbz1ZvqkF_eTVJDFIKQmJYYLElfIHeZe6AudL2dtnDCfYjKbkB2K8hSHAY0c3lO-ACvuXN9g8gflPkAIJEQQ==,gAAAAABqxupT6oy0sULpzNf5ZrSzcHXDo88sagK2fB-9wXbPLx6Ie3SYrZHK2sUH7TCRujfu8LyEwvfWrhj6lfzYZG6Resf4_u0z1M6NFXOWsFSgXTIbIkU1SVrhVWWlJwmT5KDhUpPE,13190424286638675886575669297898012413
135,ba5a2d7781faee7c3da6a592aa6c04d35b4cc1a03ddd3aa118b291e23ef3f8ea,w2YbkCVj9JFE3OyQfwtNtQ==,6e025e1a69bd4adb21d71508755a0eeb65435e704ff593a9782ebf7671da0060,gAAAAABqxupURu6-PyeAunKNn1gYZGG3zo4SodLRl8QIcYsaN6REQCRN3-wIpmuc-u1O3ncuPxOfNh7YDFZ9nST8r9JPpa_UdOh9L83g9GdLJZjkMmW-oOA=,gAAAAABqxupUk7Ne9q8ZBQuhq944Fu65OnBWFy008kNKYyYzgdwO6BK1tyMrIHj6XLSYh-zwcQiJN0vRhlwNNsGYSX2p5vl5nw==,gAAAAABqxupUqBUBRpLqflKk8-2GChVMO4ZT0D5o7QEff6Qkjemk374KDt3PZJ8l1HMT1cy5XLdChLnuhzEoOA2FUNw_S88wj1vWFKJrIcN-WcOmXyklPnVFku-5wg_ohkfznY4adwGP,100800600740043558328810423378521265481
136,78ba92ef6f72f5f1f575abed6c04d9e0a67bc1e88ba8f5708bb702c41cfd53aa,Yev47oQ5BT_YH-pAsM5big==,bcc2c85637e2bfc84737c44665419a0ec9e1aba2e33fe43823f482795600f696,gAAAAABqxupUUAQW8Odc7B_6PWFjyuioREhrHnDbinz36MGHn9Xa8JAwxoY3kjebOE6uF3dDrYdV3kZRqpa3LUXmaTuXRRUECrkt3GJOZk7Thg0Xvs8AUgc=,gAAAAABqxupUV7L1XWdSO0AEHMtWWFF5-TgZUl9cT4Z32cOJsW-bgT5dqKkACZGVC0pgi3oxwLlnRyXHngoDMVy7P8JHS1y8rw==,gAAAAABqxupUeysZZa14FoRM1aRnQtgSfJfjVsvs89Z-Ub3KBS9EeK54dWiO25vb4lfHoRSJksgjGpoo-vVCww44dvTglp9FcOCuxFy8042s7B8fatvjUgaci7_mrE1Ph7N4kI279x1n,129866351980116592029067804509670840205
137,839dacd90b59dfb7dc6288889efc82a2057debc9eaef3f6a79095d33273cf9e6,4JNVqXioKqiiS6-J5PyJUg==,c78d7e347466ca5765844c3c785792c0fc5d65b00bae538d6689745cb4a74aca,gAAAAABqxupUoZWOUflljhcagrth-IrrDjMaelZXF-C_LlSSvfalGCBPWrm5i7CzmY58nMQuQcLCjzMEgzmzFhU7TAm-I_GFkwU9hgdmZBmj-PjU9hD6f-I=,gAAAAABqxupUHnAwTKXOieb-zg1KDUyKndNxnsygiTYhub8tsYnt2T9nuxH_OxCG6APRcqmD_mor4nguP015gzi6izYZmuB69A==,gAAAAABqxupUFhk4KIiV-E8FbIkLUOBYMWM1vWdPv_yN1fPAOz9GD654LYCQt4sufl11_fn7_ShvRw0zMuSXsiw2hVNJTLCp1_1aUycODvPM-I5OYF8dKM-o3c1se_biz_CB8Z0EoYDO,90949209936311318111558865261853849697
138,112770097cc58cc426c4d50b79b1b8c00dd0425c891258a87700169da7464e9f,cXojt5Ow-YfVXUYbSjcaJQ==,8767a5f56914bd4d7a85d2a626e0588f44d847b49cadcda6f396267a24c2317d,gAAAAABqxupVjdN8dn3BU2loEvXsu6bIoFW49dxkwyGDbDO-ykhdeEz6Ikeg0V2EtA47mxKvyt09c0xj9JVsV7jIjodhSoeUzQ-HybtJtgZQRJn-vZgr9HI=,gAAAAABqxupV4EtrJq4ImfeXIHVdx_BV_pAk7Oz86B6a72F2rpXIBmwPI_K9Ic1bnltTpkueGkOqQFT9jpB3wRV0Bl0vUfjxQg==,gAAAAABqxupVkqCwqDSF1hUh5eZy_WVCEK4a-0VMvjGyFgcTJ9MKEfMvCg6kdrfpfB8g4_1X8dn-ApjyqHcd_qDEBFMDuFQorRDHZ5Mnmg_93y9ZJ_b4_HsU1mcO9JGADCAur5sOdjzB,94797419276320237674938680337392767316
139,5a833b3276327212ef7255dbf777cd0f455db4c26a1f0aabf30aa9ed39a607fc,EL7fiXwdIouw_DMd0ILWnQ==,3ea2ad6ca781db5de4e60af3f1229a80c51f50e1def51cff73ef3b90b9b25c87,gAAAAABqxupVCjuPaP9zD1ZOl5Y3LAq9O0cZl38pP5ix9JYJkrBwgyO7cShH_i4KZmC8XPqDrD3TsB7nWk_vH-xY-ZBDPmTHyjwyThcQ8nWLPMHvp9pgXNU=,gAAAAABqxupVBqL2A8pLn-Cn87hZWxVpbXDR0Cg5gcRAJ2rTe1oDC3DZLkn9UdCTV3GTVa3wK_b3xj4j1WtdOZWfhG8tYc9-Qw==,gAAAAABqxupVd-aUiclD356qWoPLgiZsQeD3sLRIDsrTC2wCJfj_Xu1a60VmYugf49d_-1U_cjFXr24NdqIEe4RmoiQSlNL3N0RknhteBaeyubpLZybRsEnia8SXpIWbJ08JVpblbHCI,63914357823133068619230738371882067917
140,7e194764f81c312b71ac3d297fed91049fe011263a81a1da51b248b826fac51f,85gWITPtjtq_fwCVGxWk5g==,6601c6245cd830203e2270758189d7b7ce5985e5ca0c704937735d0326bb20ca,gAAAAABqxupWR9aVEYtjGsvtnENrfuUc2IpOqsLSCvIc0JUstyIFAL5LoB6PUAg8ya_rAL-7cdt7MZv_o1S5SPjqlWhzAcJFH-laN6f5wFtoBOGY0bpUuDQ=,gAAAAABqxupWO3mj5Uc63epPddGPH-TUJ9Xygz_HXjKmeVoPpjsV3KlBGfJmWN0kfKFrxKM4dMSHsrd9Q1HE_zDd6eHolc4mnw==,gAAAAABqxupWTh2We8dtrydqEXpv8_BxIWM1mICZR3FrH0LKhkXBnq9SIcH2i1kQT9l6CpgIfb8WciK5AZjZpipd6r6EnzhTY7VeiQS9XEdzwE4HtAV4FIIF2jMHIPqsPB-zY31Brl6o,167075765415907599401094827736074453133
141,4bb9579fabcc5f04d34b08d1bb121f7343a3155da6f82ea057608343770841c1,MSal2S78M3iyw0yey8nUDQ==,2fc396803e6bec9a85b67d54272246462ec33e95ca4ac9cb36e52258da02e162,gAAAAABqxupWpsr4sZ6HYYQpmWkL6LZ3mcOIKKp3MJzN7D_pOosfzspXTvYnTVKpoIrcpHANc5j_w8eVqoVgmh8OxgKvQPkOCTfNEozaJb13AgnQ7K8DXP8=,gAAAAABqxupWjgnKZKu2ttfAN7GhCbVGSqUhoOLnIlEkB2L_XltUiC-nMoUQwuZj5Owpoe9UZzElDjgZwqrfnhDn53n8vA-WfA==,gAAAAABqxupWnxbeuc7wlOJOebyXvDQdzYf_lDsDe0PB-TlDWk6pMCjE-VPYGmOrlKI7vhFovD-8lmUinLC9CTT-flrbVL91SFlVOK-EfTpKlPZEJdYIHIZd1SE6zCiAYe7luUQTlVRt,63756479397606176424881390791055823842
142,72bf3cc61d39f390b2eef086fb8feb9410ea9976ea9f050148eb0e178261e5dd,S4qPVcAp04BTyv865lmhhQ==,2a213d4244fd2a04544f74730778d55d065699720b685cbca328d9d8887ae61b,gAAAAABqxupXfwn_m5LsStjg0ucqQA4HIEl3YeeifIrHdnRtlMQ__oM2uHymwW03_sJjMuMxu2RxR7w-j-ganZpOB2GPeOYXVl2khwrEDZSpEk2GdlsXN4k=,gAAAAABqxupX6BqdypLetC0Xzdg1I-3tfLP99fmpJL6X0P6wZSb_I6LQJ42wmeHDh4AYJlaB4Dn0UHfoqLXwHY86HRIDfD40xA==,gAAAAABqxupXlvNnxF_3fT28MoQcguCjuWzf1HLjFZ59T7xdJ9TBMJXWDwo6VKtthQ_c4JU-35BbDIPAdBtRn0RGTZYPgTlIYu4PC4AkFkxyoelmgYhzZDMWSV0Zjy1VAFeSzOeXLkqb,47669282123501540306328847215520696561
143,4f0e48eb03d09fc8c5edd3650cadca003ab6e802598835cf5b7d6982472cab98,8bdThwanzFHKlOwvHY629w==,bae5f395d90563d108925d4582e72b853a0fc4b814deb3415729964c294cdc5b,gAAAAABqxupXrND0unVdkgPeISxXrOan_Q40q2iihKvrToU2BeoHKdxZxPJZnuNTIrycZ9FbDwMEIMNP4BZ3PKvvjJMAthV5lxs_nNZXrI6eBQV27pTynts=,gAAAAABqxupXsrH6UJxpjHOjk4N1m87UdYgdhCIw0eLmMb9uCvZ4pgOg5C_xWmKLBZhC8Ac0zBiYIvoHEDGBLXy_R0PzgdMc8w==,gAAAAABqxupXBMf7LONVOkRb64ehu7hxOYb_SY7vwtnlOoa4ZsocIZTZHlqrNq4FXWc4lhsJQJbs0mRY9uLSDEdS_VT9jiB4ITzlJRIC5JVS2XMAzjvjZikJWCmouPvUmz9_qlfTLR7Y,26987350580514768215966355364395500131
144,e3137b075a280f18cf16765cfb037c1192fd0c3dba8f8add2deafa068c4740e9,r4x9vMkwLQgV5XHKHx98JQ==,52c147cb610fd2035832403256e2e66037f00700a1f1bf61c6134a894f461810,gAAAAABqxupX76QvL_U9MNSmkFfxEGJhDsx1LdZM_dxLeCDN0UEj_sP2IITNGVZUeM_pCo3Zz2WIu7MXhw4wct8uH5-85yXPzFr-R8h52kO77YqAqOYv8Vs=,gAAAAABqxupXWJh3ATqn0zONzSB9NL_WQqM5NFOdJPlJ3slMk19PdfwnGwmgquDyJhoHr02Jv029MuGwevCLKnkNkMrQcEPNdA==,gAAAAABqxupXpwIbeqPauS8_Jzf_xlXgRib2CozuHEvJLYDzjt63Lmy0QYAIl4smtIHyTpQzQaXunLJmUvo2Pk_AyeLd0KNT3i0HO-R3hdlEkD0YaSRsBVPavx1cPrXeRPm_g1cb55tB,93707083921660960468434599388019893306
145,a0a642bb26cf9032ff72ccf520d6adc4891b3aef617800163fcea30abd97cc44,ciUUH1ZDtNZKuDxglYBhew==,a67e3c4cc5df9f408002ef60f691c1f8d8400f90a7ed10376bd9bbcad379b5c0,gAAAAABqxupYC6729TKPeUuMWT2ebJ1SkYrNFVtQxMewDt7pmHMl6ifaqKgB5iDQ6qVig1RR1qzQwEQKHrPnyc078YkxrGC12kkFqpgQt_X0Zq_ENMj4elU=,gAAAAABqxupYloERmD17dQ-m61wv-npxxhwCGFmz-5bVVRsYLhYmCElsGcXYJ4P3EygBce6VAZqwVShldVU9LZQEXHU_O9TTdQ==,gAAAAABqxupYa5CkXYA-SzAZC5aTurrPUdg1x1BGeVn-gRRs6PtNwcsAXYLSUBlD0sf_3CGAhDIQUA2OOHfGbF4JceWAqQ8gndoAuqmJjdsnItsBpTw1XNYOuyFFQ_8U5Ywbx4yBgz9q,72351627032285341066800466053540867574
146,a7911b6652653b1ed0b91eb95ad0f57879691bebfae1af49fcc35cbb73c7f56a,c-nrQz99wpyRd1Ww2aKVew==,72eccc87e81ebed94ae65d96c3096e2c9425f98f425ee2d3bb20c13c66c533dd,gAAAAABqxupY5ov6utDXv2BTlaLm9cjNoFR0iDNrf3oGGmFZuIR9JY7rcmf8fDG8rNy_0idn3HBQGBC08Ae4SO6qzCTYuPGqBJLqXzIJIYBOjCsVk35gHRc=,gAAAAABqxupYiQ5ogJyuzZg0MRH2qGC8iDL79P7kvcNRerJM8UKnIFlJsun-sgZeCagbZNRd-V5AGZWhLkCFj408A_OzvFSLUg==,gAAAAABqxupYoxvRJyL2JPPznm26aHCLznWYtm80vENbpV8qwzBCv87DyvJXNll9MXmYClLCQdbBvU9zoFfbgsalhXlxeWtJIJul9VPaCcQoXuj39v1yj_M-Z9DGPjJaIj0RqM54WADN,130106883957709069057555605327632616066
147,f73d841f7f825541983e3a11f4fa2a65de618544be4b043c224d2abf06876a7a,h1vWCNDULtP_KjqPBzg9Zw==,281ddd9edf87f02024ffbc994cb7ccce7582254c71af77efa2a35be0af911c8e,gAAAAABqxupZSxiCAhwXPd6hh1geqtAyP0eXb9Of9MDmeGTxuX6g2z2OHlHYNFFvQdkJwCUcgkP2MGXIiTCLTrRhwF_YP44orTzGbkwfECyB7d1pc4Pxd7Y=,gAAAAABqxupZtP0uSCK8wO_Q41TySdxVu29z_8v8FVgkSQ5rFAitlOA5Wcr2_dKnggXn61BavCo6sTiBlAhv7bUfGEj9CSFPZA==,gAAAAABqxupZCE9PCP5R1zyAXHdmnPExz2Kl1ET7AaKHLHQamoLy3bLUIkIXtMwsoKKgzXUJkf-vZzsFTtJTvkN_FtDSW2BPnhi8H-LwnIJSrR17Q3du7Bp44opPNEzAixSwRMqwK9JK,77292311875793185795587647768966845185
148,6cf648498e60209b496cfdc05dc0f36f86bd56e9841d867be3407e976ed58347,OEdUFwSS2e59AcuPm3Lh5w==,84e554f27b208b8137f0c99b3788a3871c9c3cb46448145c1ebcf250978cde8b,gAAAAABqxupZKlBQLnr3fWKdeZQowHELsum-KXbLFsLyBAcBywmCRgkmNOWk83AaMWvjyV5_H70ojfx4T0eEzUPP0MjCbX6ee3XC56_i6oiCSn80E-Kltlo=,gAAAAABqxupZR0quW2fiITVJfjKp9s1-PVenuqKHviXsgammSuSKbHtA0oImMO0r_xTfO9RMRN_3was20Im-Drs2xHhPQdJiCw==,gAAAAABqxupZtVA_K5RFenrXXQfHUa1XCgy9-Z33X9oSRelevhrvjTUCpJoVdxQ4ZgQ9oU0IvVwkiiaDuHnXQaTsxnLok9qSK9Lhf0TMCqBfFv92Cf7tz1RWs6aD-MdCaHlLJg84JmYX,111756505301693787927833080878754790698
149,d89ea06138e2d6f2eb3ac1fe1d741cb9c965f92613153056d152bb1cfbe6ebf7,5f1aqYjvTrIaD6K8dopu1g==,0733231b6969e325f6dedd9fb387d663f84a165d4717573fdf18615f4631dce4,gAAAAABqxupZNnl0rmR5YDKGZw-6PHUQ0pL36bXk88sxpvWCjGbtc6KDlnMIxFRE8Zj4HFX3MU3S5KVGebgCtjLRSBeqKNx4PtVoUWaB_GNf9VSISD9GCAw=,gAAAAABqxupZzoBV_VV3rjCrcjjH7UyeVimDAwD3EL8w55ja4WVBAgjgGlrzwZFruzTyTuImQW7M4tZvvmPnKS26oMKxHSb6cw==,gAAAAABqxupZME7yM7Z-3MVgyUywMLObkZ8KaslZ0yLhrjF9kTjWpqYcWQEcpUjPvBQEa99vqXelvJFHFhATZ1KekqQ8APEbVi7AsKdpISuIYe9wZPO_2s2tB-spyrkV1kYbhZQOQVCt,59022412450339294233794509059399203154
150,6164b131046841cca67dcb536dd2eb087c0bab2d8a55c2cc4bcaded2cb55fe25,-MVXc9aX9ofYiS_3mcnKSA==,6dddc9b0eaf976c5afa4ffc3bd3152bfbfd7825c4b5d12d40467e8e99e02a010,gAAAAABqxupaJqpEtBQQshtq1KycaU7engUQrtRxQoErwNA-l4p6TqmnWrOsichiZTSgGy5rr7WX2DnBWQdRDvQtXXiikmWK9Oc0N-_di188ZFKZrfoljkQ=,gAAAAABqxuparcK3Lco4xu23A2hSMygm24DAqwaYRpHchbzlLd8oo6hjen5pIsOTP_bjzsyiW9gSmysOjeLRctdk4HRYAO5fjw==,gAAAAABqxupaKpQ8W30JyiwLe0EYq-uXWXwjZbzkrFYG7WedxeBGq0-HV6s1ppXd40otGPNtqtGz18P3Rc3Eh-ONz9OFC6qIQ7t2QodXywv6BOvWoG469pOToJZ5hmYxbVl24WQ1S25D,69806947086987072961575487435983075505
151,3ad418f949ced3626caea5089cdbf150cb0931846415913f3c00c7b48cb9e0d0,h3Pm-DNZ2oBrHWlzDqBmTg==,b9e85a3a1fd8812a8f0e7ece884866eac56599350a5f134e0c48f0dd7b8560c0,gAAAAABqxupagOg-cAFG9IP50jQsF1cdgbfowvO-FQUMVzzA1Wu-xzO9RGPlevUOi2asYYMbQPti4-qJxtiBZk2j-IIU6dIJGrdVKSewj9-Brv2I7rwmXN4=,gAAAAABqxupa38DMf2EswkW9WvWZ2tFyWOeyNNB9HhW9GSYJkUn2rwy4FqJ1YS1jWe5bnfeN2mBYUpuAo7R23LbjR4snckkcxA==,gAAAAABqxupa4_6mHbSHizYM2-fcD6QnnYM_McKiLAZVG-5fwqf5ZJrD3GrJJ7La6diipTKSaZNe1OnxOVAKG06UrdcVmvbGNpfAHOIvBUD_mJSvh4SpuTiBOE4DoleHtMid7CIAnRMB,70808802932747354943364008144445916862
152,01bfdba0a98cbca9d1d938724065c370abc3aceb8a41af9610eb29c310de8e84,6wpxCmp3B3UEwlCiuPfGdw==,1eec3819aa754e651f47bff270137e7580b17dc7b08abf98e231cdf6bb013ff3,gAAAAABqxupbdW_5K1pJe2rOFR634kuKzu7_wLpA4ZNVuOhPevKP3HEFeBhTbdpaOoLyxcoZ1RE66mqf6hAQ4SyC-MixPrzS7jAhnlBqfBvtM4CoHPT4_oE=,gAAAAABqxupbvRnLmhRGhjUXIWNPQT7Dw_5McIj52vQBSvlwgHZIxaJPeyBfnUbJHzD7GmDL2WiHrfB7TqYXexOrHX1HfU1IyQ==,gAAAAABqxupbYWWmJu4OnTDPg9iKeY1ZchNni7Jk3rFTvC9gDIk65zBxHqDtSwqHFBocFChu7GG8nN4_UTFllM47r7jIS13uQc9Q2K5Vzibj_czdmVka-cOPFUtsRkpMc8LYKbdg6xT5,46534613279351384490585982515427602426
153,332f02a3820ba5f507551b32b232c7856c8fb33e54c6fa37570bbde87925349b,juUJWd6kkdHWvmb3rMvang==,36291acbb8a114ecbe388697b55d5deadd9eb8fbfade773f5d69aef8a52d6c76,gAAAAABqxupbn5LcI_rjQoHJmg-ohHcfmYZ0dM44-3Yiq4_B_RDzA2P3KSzFidDtR-cMTIaX9MKLcevos3Lxr42TN1CT8zxwGh4w7HAYusluAOzbtjR8utc=,gAAAAABqxupbNJnOPT2nI74buRpPp_gVSI4emj1Wk7Eqn-CvYJWijCD5xYxYOPmUufNkndAFvehj_4BbtRNFRPqWl4e52CUszg==,gAAAAABqxupbwCAktazT6WDmMxo6uLupCOLmccuvxmvI7HR-6KW3rYz-sg-NUvFcVOgEt66bEiuogn-d6oMzMQd_K_nrSXmXzjENinmt8EBkUSrIu8g-IRVMzzc0v6c7vEKJ5SaQyPeu,157899842729533445288680806079974640726
154,8e2f66e9b0163d042b4201a12196eb78236f23bceacc1dde0e27db2d560b837e,bkNg18rA1do0E5FOO28qGw==,75c8ac1d52805340f47cf177d3945dbfc35791901a1f3cc60224a4f99d43f217,gAAAAABqxupb3D4BuCGrmFnqZ_gx4tvf5ioDa_ibewjiZI-ehs6B2ezOR7qPQm94QNNHe-CKx0LyyKZVoEqjbglpaVtGNdTHkBQOlDhRoXU6AwXL3ar476U=,gAAAAABqxupbYTC5QaSyfNV8QLghqZGUV9G1cEJpADs1EFqTlihr82aumN6t_QSlZT20J1N3fcYWpkKc8LjENJy3y1Oc9l9C8A==,gAAAAABqxupboNSCayxpl9xu3gbOjgOkFePYLpuDC-wF2mNtgECtNpeA-LCSa0CVHG9AbMLSBuNTiOaoJAnBV4hKypI5sSa5UsndjR0vOG6yZMaHyYC-O9xsujhmoDC0g3aKL1oYbgmf,166091178973943714443120382603116215223
155,04d89d275b06abc0e0a07d0b1abc24a40cb3b81e3f345080449e53ca0f37c106,NlVGH_bVIanSspCSue8wYQ==,011afec1149f2cfcf4de32104c4137bc4d15b37697277a7789fa41cdb76fbb30,gAAAAABqxupcW3ez7HJhh0lYv99u4j8khgbCKvDBPHnb6z7XF_3P9vOthPaUD9T_Ql--Q2ECq0jTH0qA4leUACPhkbMSDrBPw1AfoTpp_9UkLj2B8rkxo5Y=,gAAAAABqxupc0VVnFEf3xkpnjM3LX9BnfmT0z9-yJxaIKnbK0GnFAnHWgAF5oCPuCpxDn-31xTwYd-NHPmkOLasOOCeTQxir3g==,gAAAAABqxupc2-GfchFrwBK8q8tDbMJg8HVpk5YzzZD4t09DPKzMeOXdlnG7rkGbsgZGDMPaylrqn5_kGGp3drbNPx4Ob1uDOaLvR-u5s64Ccki4IKCqQ4UTcH3QOSQhblv_jQjO2D1u,104450679256598201767207002501967020762
156,514210c05e1968a51273c15c76d4e1a801cca78cb1d411ebda82de22a76c22ef,Wto3PMJ7wUi-8RE0HbBVVQ==,f5d2844d113fe6b8e037256a8bd1d2baab685c8482e1761b89fea60b1b3fcb6e,gAAAAABqxupc4wZUqVG8auIvqbdWn0vFwL5ODFbRUq2w23UHYmR83tpnYtDJWXeUv2F5eV9dyjrz_UL9vQ3Z-3yG3r221NAu3G8X7SLTlnsfqDN5CGOgk5Q=,gAAAAABqxupcqPKnVRZdpxpgcindgqagwa7RPCM6_jgf8OesBaLFHVSi4u9tJMFqtcMyBPet0Sh3X2rWYoMxHEnATChLXQprKw==,gAAAAABqxupcMdSZREmTIEhYGJ3ScVEl_tL5geW6t-maAeVClpDjqS4GQUDOtnQQBwKlEZ2mpUAlWWvEgtombMoo2jJsPvrPk1R8kMy1CTsM1xXJfRY0f99YqWaQLiL30ZWi8v7Zpqfo,37475266456970029339225374105759609094
157,8ec934041758edd890cd51c834e548d549a922ef2b805e6c3e12ad4a707e30e7,kh_9c585Bxnd_fqfQSKkDw==,93ce2f259869bea8f5c7f14997dcffdf9356cda8cd9f30b3cea88950be0c8688,gAAAAABqxupdINYghL44Q6_HqeQ2SbAuu0ns2RLfRrV6TjzOgyy-h0w3ShTNBwEpyMi_0TMFRCnbw7Rf_3mOTa9RE2yFvNggdXuYVR1RL9oz6NjhxfvJqXc=,gAAAAABqxupdjg1GmGQohDYSCdRTCQlteUq2E0Xx1_sMV9gE0kC9Q0iS959BANgQkPAldpv1oNcwvKeuVdEkeYdiYRGIrNumUw==,gAAAAABqxupdXJVLmhNl11HTW1JgsHrgOwGIqewRqeQgx7LuBBtERIwlv_ANkFqNpLdlQ99y7q5NVmNJNy6Uk-uv-HBBveO2lC3a7qROqJChrIM41MGvZvNFwYyhJtgUlyxP_NvlsMxJ,26781744185855877284782122642893768878
158,c412f20563bb94f66b2be960890d8995981a40c98cc5665fe7b094a5040cb83a,hdgpR-kPLz6npL1di1HwZw==,72188441303f4f5cb4b2184b0678f05dcfe1c0e96d2d98f5ce810bf1e397347e,gAAAAABqxupdAl_DgcDLdZDg_4zvNNFe3Kg_x39ntXfH4wVJSNx8i76QENj-R-EYM0ezNM2DGnPOOayOi0K8A_zls9RCjHPz2QpTLxlHVk1q7EJj1e3HuFg=,gAAAAABqxupdnfkq-H7f02fcSr7dq9b17012if_iEp67NFhxcYTDLLNGlS2tCqn0psKG4s2b5Ps5j2JV1nN6PolrEsJ_q5bZkg==,gAAAAABqxupdWWAm4jEttjucfsNr0PmziWDoyQAjIh1CQANqfJIy9eLWIDfepUs3vKbKOZYPIHsSbJsPqVvU1G0CHchCM3wzEcSCKQo4WE0fAU0YAbalfTk1UgS2_eFklv9MwTx6csLg,97794143622813624847624149156406685893
159,75d33fd99f5a688f47c8faf0eaa97163d1d124af3861929fa10600193f07df4e,810jWnolqyCS273R6N2mVA==,70d475e45017bccf6b8888b4cb7d13b582dde06ac14146a9c229db5e0e4cb8fd,gAAAAABqxupeHDUZnxOexyJF6xgLrVP5nFVVoPjzBNheaSFkDGifilk1ZmftrIG98f7QZokYWO8CybCb_cPWMK4J_Ly2EwnFRPKAXTu3Vw3iLr5V1d5hB-o=,gAAAAABqxupeyBxAZsY2vAXl7YVxw411h4IQbqRV_AG6UjixNp19gIvzhafs1tTCOWj1M-66LcQepcRmGEmT8ahUwu6qz_Gwig==,gAAAAABqxupeIqcnXGb6kgwwVRr131QFUWBDJ-F_mHuE_VBaA7AHUp4An6XxNGDU4fvKuJFaiFWi_mjucXPhS2yB-HJP7Ia24t0cqlydWh_1QOPSvRnKVCl74qrSTOtxF6Zaw1Vl4w75,61426883360458495646880069253636438578
160,48a50575c0d067781e0afec8f853174179cb1842d13d4439c700226ac20fd358,uZwzE8rc27KBjKO-F1KwAA==,b3d80ad74ee6b4457d2ee38154d2ca495319ddbd6caa2be0f1e51f3f6179489a,gAAAAABqxupe6lMud0Wd1DQ3SCibuCISmmq7sS1Vjl5pQyFxywuolcQQ33yqa3CWCxAA4UiUofsKiGp0kP5JEWnnbC3YC4oY2DfsZ3j9kHQPoDpFSn3WvaY=,gAAAAABqxupe46y8W1X66aDTMdYeAM1NUTFJiqh_t5S-0rLLSpCsY97-3G5qpwn94WMg4GLWO4M4sBbAj2BdvaHFk8iuEILRmw==,gAAAAABqxupeT_nkoYKUrlx450pp5M1xLvvTES5klPJuGgCAm6Pezg-WkL-dardpDklsDlRPentftuTogfpCfy568adppm2eYA4s1gKM6C50nLZ5_ZG2oj-w-l0dINJTcevAyxwHpxD1,114777538249413988175883952863319530699
161,1cb4e85ff078dae8f0e6589887fd9f39962f8ad01e18a87257dec215cb2f0de9,HU-5Ncn4KTZQ7mWS18b2cQ==,6d8ca42f2451ba487ee43526bee309a6239e4477aaf9a6a3c3eab8191686bf7a,gAAAAABqxupe_ztOwxLSdz_LaoPokRonk4O6fCeimOFkCvkjCmh3aWIXTH6j03aUnbhu5n5TPUIt0cnSpf9WNFt9axLjz6G3cxBd-dmPm4FbC7sibm54zK0=,gAAAAABqxupe6hlLS9pH0TpxaUFBdDRuloCah87Qd9L7_tPnlSl6Zpc_7g-t0PeXKF6M1nukzUmsCtJe4vHiGuFg4IzFVnzf3Q==,gAAAAABqxupe9vSupoVMa1vp6tPgQm5nmNnP0cF9JvyZ0Rdx98StJ8MhI2un0CbePbmdy8LLWQ4w9WxokCepaKJTW65hEdMS7T04sAfD4qi7vLLO3QuwgqlwWCimuG_WyvDpDiPYE0YC,103590582691186558255647767721001621597
162,46f4e56625a9275fcf5a424edd8aca128e663bbd63a6f9f94969300622961c4b,6qBiEuUtufvuOwwa7ihfTw==,2e16249ffc27497c3ba51fbd630f6ee0f14689dc23f931c33deb3f801b50e85d,gAAAAABqxupfG2-lxMPn_O6I9T-i7j9s-7B1KUQ88tfXTrc5fpgqBQ7vx8sRYNxJiaDWpW6lLXdZ38M_8eEfboGuhvTxeuK4r71w-JlFCjZto9IOO4TgH28=,gAAAAABqxupfToPqTJbh_m07u6we48Obevs3O3EOWAKX8F7_xR6uh4bOrDqE81i5lPMvZwm5YcnkIc_0mu3sPp_jOcZ0CWcwrg==,gAAAAABqxupfXcM1QPNlHWRDuf0Jp8f8iiW9Xdl_B2A9BvrjI2ImRdR6P9CmXZ2CGH7livHKYf29pIe61VI1aStz4yX_7XGFn-pRlxV5JMnsZvwyL36JWQU6nG-U4PdW6m6v-WNup4Pk,63168981411738751628269520032574403102
163,b8a638ef54b33641d6f157a106389a87ca7cbc60e0b3dee56108e57a17f46887,UqejfIFOComgUdJh5iKYQg==,7f04d9ab86b17c6d6ad58fc8a7129ec6a0c41b2919e2ff97673be0f129077f5c,gAAAAABqxupfdxkQHnBDX9wwhF77E0bPf2FmGZK2Gl6YQWYFm7ZjC7r-EpL4XuL4s8qSkbMeOpg59r04AO86M_lq67eJwhJuMVHj3TtfrkH2F12sGtYlvXc=,gAAAAABqxupfci8jtcxu4UatVlxrQPfiZXQDHOHIi56HWuy4FYZbrs76BgzWCWJDr4XkQcfJJX1VehNQ3Ahv82S7nDGP1APwzg==,gAAAAABqxupfd5mXejwinwzcC0GrjbDHJb1NDAe-CB5qJqqR7DmUVtuay9thPcTvpQnshX3EOtZWMuqDo3uOMLeIDz4Un0hS7taeYhfNrOIx_uStPCl6rr3kDhD5f22Hme6oHyxRd062,34882045556061484081326444447240503975
164,f032ca17ba9edfba57593bdede10d2b31c7111c80398caae154197d34f48c26f,ji7rrwnNSWaTG_nGEV3j5w==,0dea0ed86b37a0416354ff866eb282e74ec9f0e09ae61bb5b1a35591042a4ad3,gAAAAABqxupg3PtrGNBYm8_AMwVX8vlDyzGKvndDOF7RB3s-sjSg5wDjs715L044tu7LBHBSV7ED8jA9Xp_IfCLfiNSNm5lFR04uqGjpVTysiQfw97CQR4g=,gAAAAABqxupgjhbllWCK69eyjEhzm3a0ysTEQ2slVo8AKNeFnkY-5da989wbvWvoeD8B9-qQo_nWpexip0axMbmJG9uafvDsVQ==,gAAAAABqxupg1-eAmHjPP1-S3pxC8xooi_xA4eyEB3n98JVmrcN-Q2yBGvC8kNx20enjJxiUtLBBXS3AwDcRdb5kn9zTAVGwMxmnLjWUSFPEL_RE1sgtecGQdqEHDo68-fZGKx8vNpOq,116374144594270522458371876769895904512
165,3624e0ae385d9a650c13946dee8b219d56fad5cc779abe0a822fb134060d1848,tP6xIqQDf8igNvrkgPbAQw==,75dc0501df231859e09c3cd7022c88101e94be9bf988f7017ec14e2b07329049,gAAAAABqxupgYEh26yxFn7st6yFbEFVFBv9GqkV5bB918tVLf1eXbweRT8y9zGPXeDQFmaw92g294U56ZOhoj8wLYm8qVOFjtUzZZW2Q4GWtjgPd8x_q1og=,gAAAAABqxupgei46zC4OdSXN63rtZq6XdkpHdeUVB6XeJDBIBDDUY1VylNX7sLtla2QKUMsf8o_2X3dBocy_6aLYGF6WT_lBYg==,gAAAAABqxupgF0pvSyYjrzhN7UDv92yW-UR_6DBS2vxTIKvLP1kTgPEDyRf2WldWh-n2xbxA-7EPwIPDYUyo3pYRZlqHVhp4K4xnYcArKpWG-D6uPt_h1i01xNhr8kLWgBxElCcp2rEt,149351079118499535407285698278663733473
166,31d4dc0d69f602348ef29153840ebf69c06059c838ba983a187b74afda03f539,Pm7NBw1tg5ortPUr6x6bXw==,d25b54d8365395782465547dbaf27696ff61ee7c9c6fec7df1ec25d621b402d7,gAAAAABqxupg2Gj1_P-KfscHhXMTnSvCK-J01jmj9TNEpiH0hw5J7X7jktYuiC2BNXN8t0KVONtyiY8g02ItqYeXeOcfVvDeCIPqrdvW27QZPzAmhDUexcE=,gAAAAABqxupgkXg8pVqfKuIqXORv41vQ5SC3GJX2pn_qsb4v4QrG-Jb6b0XQqJFyQztk3W87iGjO7Tl7zZImQY0i9E22fCBfjA==,gAAAAABqxupgxGZtYmRjbWfzvE3tRhSNavR-dTNR8TOoPpLrwgBgYX9Jixjn7ISaun-2662BhbprRW7TjjRSgLq_FKA3XDzd799_yDrEtdvJAsK1xTppxHXmAhSQQ0xbE9n4__PrAqQy,660133658698980747333617750266052978
167,8122d4be7a82274851a65946a7a6db65c93c05c48e0a8d6733cf0ee6638e7eb4,NJbcRmbFT0lZInr5RJet6A==,16ada102840d9c74caef1cd882de0bb49d13f80978f4f7dbe39c640c71b5864f,gAAAAABqxuphjPqvVpMSwSH_zzqOVw4Xk_OQqtF8Sq5MMN1wPw0u-KgX9mL2TsJ0z9o9BVuWP51vGYyt-06E4TcLn1Al6cmbun4iAETiOkwJq0NmF3Z3TwM=,gAAAAABqxuphmDlpMKBA29pmDYs_ypt4xNObRbn610pn54JiuVztxMHm9CA8mN__ciKWi4PWPpo4u6jtm2DdR4PvnWKUcUl6RA==,gAAAAABqxuphBsj1bMYm2c2Q4vxsbeFcEgyn0Ss1F4hy6oQoYZ2eIfW68bV-z4Bpk_MHFODGU6ECyxzcf0rQ3qB-vGoqlMhCoxrK9aUwGc9Xv8l1bAfs4hEmGN3CPipl7BOZNJnS5t1f,17962387663401771590695463669686119266
168,a942ffa4057ce4db9027ef4e6f9363a24634891c2b91583a6439b898a992fed7,2-NfzoqSU5hBXcy3PoyqHA==,db76576c81ccb81a5b8cd22945eea056ebcaecb4fbd453e9af9d15dbe3bf4d91,gAAAAABqxuph2lECXNryUGJjmsD-es85Bko1_yODgB2XqNSu0EHE7l5Um5VhPb07qPCpMTXgD4NXim2-b21fI4tf5_rCJSaFTszICxvl6Ynjc-0cfT7-zu4=,gAAAAABqxuphYCsUTfSC_NvcwZYpAEHMQWVX6sroenvNJLRijbBhFRM2_124psaAGnliwN46ejb0iOfIRHwjDTM451UhCVZSpg==,gAAAAABqxuph7aVjoXq4IH_tfhOxKhxvzl-6z6pJd1JemiiVylDEqGW0iUrpQAFfas_4re9umIXndU_cW9aAHXlZ7XiXPo7j-ICqrcQEvXFZ-yhxIJzC2hnQOXusYSyoWVw85alKNBy5,120187122832679380282923933731428792204
169,4c80020cc4fa80f07a82b18150f9f25d9a255e67c0ffdcccfc73787b8e04e835,_WlwAC1fkUeL_pRRprxQzQ==,95f482ebe7e81e3da3b9996a0a510114528ea46a17c9e94f5f4ef70093898b5b,gAAAAABqxupit2DGRbcHpAP5Vanpv4Q1QB2hSiNdqfCnHHoC5oxK7FMr_s4tpEP_GaDYLXAV6i7h58uux8XX2I9QdxNze7baOwf-gZJm3Y2uTYipPvXa2ws=,gAAAAABqxupiRkaRD8UbFlaffJAUoYlKAGK8j2--E6Mv_8Ty8V-vvCqkavUE52eEXy5KEXiaXIC_H8BMGmBM-iWfUE4PbF55aQ==,gAAAAABqxupimJDVxJ1NHroOCw6-dKzstkzOSa10C2MveIdgn9DT-9UymJmrstLG3EuLk1NAG-l3bU5qHuIFuEIAJpesfYJ4q9CtozvhxmbYvcOYVpVVKXn6QJONcYOv4Ck1JjuxgjS4,106209013370630203614329469915316419333
170,a7f0e368b91395d259907fbf191c040a8c0401369ae2010d1f543e5a66976e10,kdfuZoac-82BOEQBWjRPvg==,ff9dc101f1dd4e8df1d65b048ecaa010f29e3b8ba32844f52df334220535ab25,gAAAAABqxupiz8LS7sStLAwPpQtkuuFNj07FYkoUDzLP6yc6zmAe23hFXcp0TrCsKVCj8-1uwkE0R74e1_7VARZNXBdcn1hDsFLksESq3ytTu0P3af-X2ZY=,gAAAAABqxupiQwrO2XrhK6V4zY1UvhVDUz0lfWLZb23Mu0pRncwxztNzPmREHRQ-SzY81iapGiJw7YwgLnPNMWplQxcqLwLw4w==,gAAAAABqxupi3CCCT2oPPkijWRUjmPhFYQywTAcfo1oQNsCk4Vm8i7rJiS0K53-_z5DELZk2NVd_o3kQhiBoDFgyauZh5LG8EtUc0UYS1_C978zpcTxPloZl9LPOgSor6jU4DOEFnW6K,58699222007612580787549460626142934829
171,463f7fa8c09b519dc105d38eb0929abc068d1a4d2380a0f50baa1054c9d5845a,byd_WDE7yYBmvatlIiDv_g==,3c6fd992ae09889748487d7684e89789b06d67e39bf0cf853b70b0d5540bd6c4,gAAAAABqxupjViuW_UOGEQT4YQeX6UxC5J1_YFP1aFBFBZ0Kp7l0Pv4nDnyRBLdV8DmUcML4OHgwfOk2ev3EAWVgvMvl4domHD-RpyEbXZHl11D40fUUcLY=,gAAAAABqxupjLhepb6TrTWmM-uYmuxE3G5c9Y1uodfLTb4eINDiKDet9AZ64lriUaIAmJc0qMnvYToEc5fMTxbqdMjtKQW9saw==,gAAAAABqxupjyuoHA9LmsqIqB81HbyX-B9or10cHKxe_ATBseOs65NoI41BG-mVR4KWSHdyZTCL0nqMBZ4d_MpEsZW-fHfzyiSRRgpcuGCE2zwhw-WH_1qSc8B-cBE3GlpBqwrWIi0eb,89049495424577539474585618961763709632
172,b56e7719fee857f2a0fa9e8f0f45612b25afec9cee76bf46e44bdd5e6e3ea65f,7FDP1UFiBv2EPE0pANxGLA==,f8e77f32f9f1c2e68f5ad9003ec76dbc1e54d35f084335648d3e20863fc71ebd,gAAAAABqxupjqH9sdRR3Naa0FdLbFbYcQoqlsoQv1Ec9jQRdEfwxHp6hszkGgeAv-658gTpqnETGb2kMIou7oio0QeACc_HMLhdJf4PDF7bzle2r3_RIpX0=,gAAAAABqxupjHFqL29sf7u8EpeTtqu_AT6OYX2NOUhKpKgavC2taDv9-wlAFljvMc9pYz2uAQartwT6_WubVTQ1yPAY8BX13zg==,gAAAAABqxupj1qCWYLqvmzHRItStELXkSf2n8zCknpwmTr2skiUCKmQ2D3zmcn1mUa01OmJ2Gojh6JPIxebq99_KH1AMIy94Fcq217ljal_IYKL3nxz8H45TBZ-iVU401NVS4opuUmQy,55045630477060679513461637134084979499
173,3277799393538a85c45dd1af62a826a62bb333ec0b1899da8939fb19cbfca6e2,-LxjpE3EkHFUYasxpTQ9Kw==,d53c5b75b1ff075c78006779ae6c007bee534a5bea9f7acc6e7f944b7d503885,gAAAAABqxupjf45ABQ1iAiHIczvy-sm-EJwJpZMtN_HB-OeugLxic7bwdP85reip0yAg-0YEJC3HzvojkPQiDVjGxI-3qQrmtgIGbAYvPBzNFx0GhoHmyW4=,gAAAAABqxupj4jKtGRN6U6277LkEHPO1FdFW8ybROEXSvrTEMGhIJp73wU9NFDiOL3cyLgv_tMb9W-Ol5AbSkSR3YV8F5tk-XQ==,gAAAAABqxupjhqHuYCmZ0meKeYEzWdLY7xTSCTX1ptJvZCu16mxXjADXYJkoMVyLtw4AiHNUqT-DqzOnuQ0DcmiFp5KGzaAP0QEsa1iPR1JO7ED5YPE50t5YwFEoQurM74u3xJk4mcti,123650826329413569217499857237149667615
174,c66da9ce278082381dac7e80c685844b1912e85e77f2caa9b28eae05b318871e,T2aoil8BPBzeSVyUAxAByg==,15ead8c6f2edd298c95fd2707b7b40747ff5d9e29dcd6eec398d724d796e2d1d,gAAAAABqxupkQSvWfHZgthdV5u6Y16UwQDWBIF5bbNIx3kDRISVeHPWa_IqVZ-6lv4fCZWkvMEpg6CzTXEm6npDmz334-7WgurEZU5HZfipVicMQzxdpYCg=,gAAAAABqxupkyqi7ddaZZ9hds-tz7eYchAit8u2wtIJ3p5Nv2YeRjFiIjFjjNyxFngAy25VU6A-pWruivmeLAJUpFp4eRkzABQ==,gAAAAABqxupkGXNyviFDwWw2M0g_PfHX6jLr9im0eW3tUzorwR2chNtDTDUpqwZvTzh8kiJic9yTgtFTpQNWCEymEKthcGam38n0VMhn1wjsi2Aw-puIA0kvmUnWExTmR0Pf8vnvb6Ue,108543299304591568843659497313807140504
175,517820ad7afc30e857aed653344ab02ab5c2cb3f6d4597133508b7b6abe865cb,EyaDMd6PjPGOP-FsIZMOBg==,4f66b68e2c58eda065561eeb02ac65ab349b6b92416ff31e13586ae4cd20294b,gAAAAABqxupkfnPXq_bHYLjX2LMN__waupEsB4EHDeEobvy8U1kkGbZdOTLMv4qk7X69Sjcl8KsFWmQ5OwCqYjDbgCeyhJO2-XyJqYDCsV120MhbsGxWOZQ=,gAAAAABqxupkghsvMkqVP7sOqo64LmZDaRFfAWyM9s1h0WUKix4zpd11YTUBsKmjcn7Z_hVwznxkk_rf3CuHlatONCdjXHr5xg==,gAAAAABqxupkG_mhrCByr9rxqEWqVr8FzXdkQB4CKMPJ0ubuSZGVJzsL45GPMndfqzSDnGh3VMg_ZSMstp_tGRFfCN0zyPyinbrozz9BzoHX_xnLURpEovD-73VDGRkZKgADxb0wun2q,48903583456547467950241158275303591210
176,62cb3381da6ac354de1783a6a2f95276120574ab2d06545de8adce5410d9044a,WTdc3Sz6WH2glEcW27KuKA==,e3de8633aca53414b1fc16eb36d0fdde888aae751cddc250a18e04495e1c217c,gAAAAABqxupl7FJhDgkjm1j9ierfBZn1eJf96VnpRFFyoGMR_WZZ8q2NWcKKOrwnZ-wUIcyUl9JZ4q_mrhfk2OXWRSrz1FCV2c9TzhsUjctlE70S7o15xJs=,gAAAAABqxuploSraE2dzdv5EqcRq2kmMgSi87WvgXZYkoXKAZzpoW52Qm_S_8HpcaSWSzkQK4Qbm07jT_ISxyEOfAI8yy5an4A==,gAAAAABqxuplwdbKtArlUlB3P-3Xm_9E9QbzjNvIfllnaeAgNUSQZlaCN06dhfrDitdZwTREViK4P_CkuLHOgbVbdtWr4eQ6Djz-XBs8qNDWAm38YkQYBOkl8MfDBOese472-gH1vrAd,144294106949688261796878120907700983519
177,859df9ad9b7d1528e8750234bef969287fd8b91c5ca8187dcc4c3b25cc87a89e,NT7JgSwf7675E1xYxrvx2g==,45e75f3dc96f6f4de846d1e7d0585cafd9ebc118ae8c1a7b621f36fa4aeac47e,gAAAAABqxupl6RmIO6Q8BPu1xvNUMvWgqZR8mGMeCG1TtrpqTLFKr0yDRR8BNhx1Z6IjB9QbdsiCOSWgDIyyb84aX1p6Xpp7lb0aNceUykpOY1Cvs4KO_4w=,gAAAAABqxuplyY3P4FC_6aEx5PGWESsnV8sZFbtvhQDRjxHhqdFbvARFxIAW4lQ2LwyAsWrUoLTQJ4Xywa0A-GyfGRACRTDSCA==,gAAAAABqxuplagZOil2lYA-aVgvlvvm53D4UqwMU2CPlD4kceQuATqwfgCRbMGs56fmOvOeSKvr3FWGaw1ftOXs_wGVbE59syyYyj9YkM-swPR-S95mcgbRkc6CWXPANVP4PTedY3rwb,92095689315646585418440058812536948572
178,d4c520a551fce98b92509cb68e8f5f31b39a59945eec0c2c1219833bf88a5474,sCo-Zq0PfWe-UG1RaTjD2Q==,7e70718c95e482b650c1bd05fb3fe0bed52e432df2ee9606961363c8f3e0fbef,gAAAAABqxupm4mIowy0aikweCMsBJ_TjsOVnRpiyGo_lf5CNCbG-R9KZzfu9wpFb-DKA9h_M74PJRmSSp6hVW8lFj0Q0mpv6A-nWI20LKqk5tht5AP0LAs8=,gAAAAABqxupmQHlmukwD3XXM8AwnEbW4c5PhUSX7T1gTLI7RxRWQej32KS0Ws15RQAoyACKqHh6NaF87_AvSqImQQ3hjFSJ5kA==,gAAAAABqxupmB8agt8jLKXmMLCVeJphtzgqGXe0tK5mKvmLlYx8PAPgRyv-GzE8vqKCfn9mbd929g3oomDxsR3zFaCRgHI-hoYvqlvzmT5INa2KPgapFQ9AaIFtMjCqo3k0Fl6mgXUqG,148955353694848458696523936710843108573
179,5340c25f31f888209268153bbdd9a1e042ded2d29dd1da8164cbf05690d79e6a,M42FR1k12BAge81MpraK7w==,f1623a486793fd4dbb87e1aee826fadcc45f080b7199273cc191c27df3addc43,gAAAAABqxupm487W6tWm29T3znwthx-URMxoO3O2x3W5VoM3W2p85grLek4t9_oo42Q6TmSq6dfTp8aJAf7VXjpbBv3x_Quy1PJCe83kjyYw1QjYyp7fu74=,gAAAAABqxupm8M6_mHSeM8H_UKbUuM4AJjmbx12EUKQXyWk8O7JWnhezbgNKcuzkHsRFSkREkwBmpw1yiQ9VYAAf1NfUIdvDxA==,gAAAAABqxupmpR5v9MboRn_KTFaaUXz43L6G6orkxR6nYaiParwhWKxJKpiwg_u6xJVsu23qK1Quuu5u7infwVDBB680xX5Mf2dXlws2MM8nYZjByFuiKZmfDt6pBUTcp4lBeCoWObzM,139552841074358569074947051069242517686
180,09f9b25f953535a1713a31c17905b613c18a2a1fa1128fb5173cee93413a4e4f,hBZnDgH2JKoF8zowPvlhtQ==,b5b3c42371c7da95351d052b63c3261db1eddd8a53f800d22afac0c78cd53017,gAAAAABqxupnRKFDRWIcy3Gz4e-KB9U4vJ-MTD-aupb5IBzUUIWxCxz-qe5SwJPZYj1SVT40cgDWfh-QE5KuMrCCYlVQvA_-Oa62xdrmqkeWX8nIEqCputI=,gAAAAABqxupnOpS5jTk0jroUKUK2MV5rsfK9sawtgfd8wFaRk9HmwHtBqUjPa0Uaqi0Xkk8NTo0HuDpDDiRssxIRUNbiF9CVmg==,gAAAAABqxupnF_QObBzN7iIgAW80McigU5OFdLwwQZ6KjyEbpeSNOWnucC9VAOdeXX5NNsd5s_x2IAfPHVVc6aZUkj5sj7KmcM1nHRvUZNEJa-lQPECvlU758vX25LR94LiSmF-hsngk,94978396754396913615355531976698353440
181,b37a4d11bb38e74b96c964092b46bb21a643f7c14a4fb8c75418c588b0fd1d62,X2T1ubXxtGJSpicSro-5kA==,7469c1104f2e90ae31d76c52170cbc7252b0f831a5ef955537f70f0e61636d03,gAAAAABqxupn0W-YecSwYBGFCpmzz8Wjdm9DtJv_KILPWUghfiCD0rPCUZ42923MZfv8N5U6cgtwO5k4NFahoy-dgLVvrdyNc4mPrhJmB4ofSzjnCMEFC0E=,gAAAAABqxupnzHP575IR4lbp4uo2osLkwVsgKKIWzHu09si-v3iF9QQ4U3MJqb317XCKV6rRwOzmjlnGCvmNYzjHFS6kLPGmmA==,gAAAAABqxupnUWfXPZSAUYpH3KPn5gPf37klF0JRKNQ7FztIe7IBVYzrQ3tdASMGfTAtJAx-CQTgakQf7HQxvPKyKIUel0fgolgrGmOk-1L2VDRYcvMAJo85kr2vI8MZZCoqJ3kuHr7y,133935873482719338344512482950738792989
182,118115e5aced59c5bc98c88955cbac5bc4dd6e6f93df02d4bd5e836c67789a4f,95JLo3Q9aOhKz7WsoMUX9A==,f39a8c35db136358224bb5df4a19a7c3ad434db42281673d3ac6d27bd56bc856,gAAAAABqxupooGiaiiqqhebQbf2-25HPf-Jw6CpCBxSwhuJkVgfOLiZViEVNEYyVXUQpIXDSWV7G3r6n11Up3re5fW6JjSV9Lp3kxAZlyTz58ySIoIBYFTw=,gAAAAABqxuponDcJSoeS3IxAt3xPX92F6JR9cEu_rUIVl90yOz5-Nj6slTycZWpu_d60vlsdsuakbZUNQCmJy1pig9s6-GAPwg==,gAAAAABqxupof86ELkIkdO6fBl9Rti0-C5EirKtoooavxglz5_BHUgHu9KXvFEAOiBb6NvQleX3hflhpQhIa0ATP_JMSXJBrt7W7bonvCiuSsUGp-sx1hBehpGBwxgUy52hY4XJc9K-P,37165098917590808765132804099154960130
183,1b2ef51d673bd6507bbded8adf687b9abdc5b57876fe720b2f03a006b5e03c03,2kKtYxv-okdQYQ6NZNpX9w==,9740f8fb99a14b5c22b6313b9fcd6a52b47f43813465b3200f23ac9ac5dfe3fc,gAAAAABqxupoyVnESxxj6ZI9Ay90F5a4YX9WV4jTTwax6NgP8u8YGmrp9fLSNgv-W4sVB7czlWREpUL5J7JoAiduT79Td_1w-Z_lrpRLQJlL7HHaCLjuuuM=,gAAAAABqxupo0r69lU8Gw4w6fOhFjQ7GyhT-sbrX2RMU86ol3qHo54f4W01_Ew9jzqeCaW0k0Fp5wG6ZYwkcxR-IPPTG3gnznA==,gAAAAABqxupo8ta4TCkQ-a_kjzCoYta9E-U8rsUVh2PCx_1cmM1I98kxDlv0dtPEY4Rh7Afs6UwmDXbSDEGZAeSNmpN2Unqjm2eSFRDAGYYByySP4MrInoPo_pRz2PjibgwyFoNd5tKe,113800209704383599788459179401747228652
184,c0375bd2269aae578cefb5a0f1370fc3917b3699bb67fb15aaa2f61e87ed146c,Pe5otOXdtlbjFmUi_21_lQ==,e92654ad72441e79d5a980cb680f0d2217db6db03cd1bec6ca3b890bf85054a0,gAAAAABqxuppSeUzk51UsbXQcgcydMVXP4jdTsoMgw7AWXJF9zzMv1K1MfOiNHgocuHNfiwXYjXC2AZEoP7Pj9ra1K38xuUVqPMauXoGgp9u9dC2zFKttXc=,gAAAAABqxuppXdDklof4tPy-UmEudh87NZno54qmdNmsrfHYW-ZRrK2JxCtDqwuBGW5yczCXzAMJvJJFx8xWeGTvjAhY2WK7gw==,gAAAAABqxuppJGv4kouYrPzwjPntw-TAgnkN-HXHGUxX-3AkxW-QDY3E2bRlRRfr5M3POiRaFaL0cQce2fD-PJRsqwddUivvihv4pBC7a4Th-kVstXWpTheWgjKVoC5yBAKJFjruf5A-,17422461736411539412266618467667112143
185,0c1e0e2aa2700972ea4c72c2486de684159a74b54dc31e69a5edea49540dba24,E9AsKX-z4rJvTsYYfRmzcA==,dd8ff4388db838a43b0ea75eb8bb00b5051675329aaa31f2a4edf1cef6ee218c,gAAAAABqxuppd3J-0wh9W_FWRL1Qoe5CU1E29aJ4An14u64Nwhrp7pI-f4wcV-bbTilLKtdzihwrOqSAghspzN5IBLPB4HWHc7wMXQsobjOi6b-gscxs6R0=,gAAAAABqxuppfrGTWzOZnXAK9V0Zs9dIWXAvN3lqL30kBetOVtkWWfHjjkqknX7p7T4Pilvv-xqCqJtur6aUhPY9e_w5e-da7w==,gAAAAABqxuppCiXLEhkZPKxhyEb7_vS0Qrl7f7A8T40Vlqj3KzY29WFhEs2dSgee72-Zf6hCgPYeyvTtBY0_hQ0DCO1Ro8qfNf5s5XFF9OoBD76HvYa2UiHW9_vYtypz2y9E2RnhVM3O,105388952731741826625111599157623453292
186,31844005eecae13eec09b7046baa1716404fa76d2781f1d64e1547f4a70db188,lWMtisNUhh6uZKu25f6G-Q==,f5024f71b40d8bd03b07876b50dbf498eba86673818a556479d6ee580f925748,gAAAAABqxuppFUjHeDqvR_w7KOS4-I7Lvqiu4_xxUE5P-88VjCR5GOj4pvsBMAItyHLkD_GTqxUAQDGsMMSkj62NaMNCTxvg-jkzt7QmSi-KjMxPj4Ob6xc=,gAAAAABqxuppjaC6ova7Oy0ge7lVOH4SdymyXu_mnofSAYSRoQaQCd3GtqcgbakkWTJ4sn-KFpcPCFY0ZtL3b4IHU6JBPAxccw==,gAAAAABqxuppA-Y0jIQENXfHLnWSwMclxnWhg5EJqjMjVjw3fV1CkDypDNpi_XiY9sBk7Z4mr7_revdxa98qhMSEds5eIi0eKSEZNd3P76ql-lYsTptlkMkNi4Y7TND2N4sGQgY0z8kO,153301194182620740507655857639252413712
187,cf10e24c1cc3673c8bc37a322e97bbbd169e236c5a4dae2186ba20e1542f4db5,sIPs4dc2H76rBDSzHEWIfw==,25adb082ed887dad278c5a9334a88fd9a22ee02a4b499e3b60c8d3e0b5005544,gAAAAABqxupq2Q50gA_uPxSkqYV4p5PlpnsF9jcJUfyUkaxc8bDHwkFacCDngIe2zzRh_RBsXVxPaFW6NcU7QG83st0n6t4kj0BG6sufkBJz8bhTFlgcNQQ=,gAAAAABqxupqudYkG2FOpjCa9zf9GWbYKfEKDevR1CJxysLgqv82KR6q0TVSKb9Z8uToJSYdW602MkOqvfkYNbtS504YwZcNuA==,gAAAAABqxupqAlbT3Nk6gb682FOM7BfXKg-IQFaI0RnrwafQstcDi7VGNUUU91NNA-G8v8isH536uUa_iRHw1ZoVztJCPOAdHpcUmnTbCSNciF5bpsqruNwq7KHsE-9EeQYIMvLQaweS,39261283421455589748189849802559773719
188,efeccafc86ac2fd4b4727c22ae6685004f3173c9fcfb3b44d1e733596a7d6ccf,Rz7nCgvYxMJSIBKaCI-DwQ==,23f1b88eb754e8fea3365c00457ff87832c7f3783e49a243f189121c7862f884,gAAAAABqxupqMq9iRfddae0ufWl3_Iye8PeO5yKKZAXah2Q2FPzE7k-L3SiFOJ4w7RIJRgfK0qMZOFlQswHmWpLvbj1KQRcu0hgTzqBx7WADhoJVUP9l6sY=,gAAAAABqxupq-fsBsV6ZelnJCVZg1QD_4TUXcpPcG_rWoowgxm7zvhDLFBKbgBtT59tiwHJRmCaZKHUKpso7sFj6iJqxyX_i9w==,gAAAAABqxupqG4CPj0nOFNaJXIGZ7GlN3UfEJGm0_gJkAjaHAOMS2KVr5M6vTM1G8SmIvQ9DkSbvyO7BQN0Z1Qn6ZX3HjzkwivXJFCftWbchLpqAr5ro6QzUT6r3aGrUjRkS5uF9vY3q,90170016513016498593905134051007619814
189,c89b8bd6f7d23f6d8e262588a280164a70b443fbe035d8f4296d6c66cdac092e,w3C32jwJDllI_C8q4ZH8tw==,700ab4c73c9452bcff3ff062c8e2bfd3d9936ffab222173be1b3c5dc6563ef69,gAAAAABqxupr4DBP-2rgZLyyxEd23acOxudHmwROxv0o56o2oTMEYJExtpY-PQ2tXNMxHKmrfq-JdyvFdXnn5es5NJywYVPD3KDdDfKpOj7s2IIO2O3m_ag=,gAAAAABqxuprz6vb0UxkGgBvCnxNbA-3il_FwZ8zGvUBfnJ1IlMcxzLab-yZ7l80QxUM0Wvgq67-vZhCSsxul3g1_aLFQCBHfQ==,gAAAAABqxuprlVr8bN2cOD-zOFH_rX8zrTVZmCb5hOwk5w6DU1UAoq6JAKm4TypBxHWSvDmOuotCGQTwrigX239uMqnw2IBjThMbogDXa8DhdcgejIZIxXrVFJ50BY3n5Fu6KjuMS9-w,41624165433872933214725962012887271865
190,09a89aa38d6c17ec5873d0c7003ed13aa18f032ac1b753808406f789754d0d6e,U8Uzr9zvvfxaOyxG9Skslw==,bd5c7dfd18ebd7d1c4878292befda7656a67f9e2db981109dbe8e67d30ae8ea7,gAAAAABqxuprkSFl8FgFm4DcQC8BxdXNIDtz7QQJJ4al1vYR3xSsEp5nq9kqhFuHyaJ5oL1pDa3nOwtB7ewvKtFbb6zV_wZUx7GYFadnncaOLTuwuc_1UNM=,gAAAAABqxuprKdIaBHv_gqz014DseYDdsKV8nZWx5MYWHgBQjpGjYtrNcOZoUOmv_VBF3vLWpM_VfUvxOYybKYxAyCOFsv2Lmg==,gAAAAABqxuprX7D3Pcn4wibvcFkYCz4OqbteneLI6HC6x5rR_ys3w7pd5vy5ofAYk0KPrNsfRPIDB1PgJg2ew4Rx69pVtLwl3a3AO5aHSTCzyeWBRXQzqJVPJ1Y_QFLlY2d2MLy2o7yO,14027146953652299671611161963626671880
191,11a90c8eceff830d42c1875938fe4954fde42d4396cf6abb18be95b4b166226e,AvZeviBNWI0TZP_gadVLSg==,ba4c181b0ea92f3973c0a3007e69033aecc2668bc299b2f82e5da919604f3708,gAAAAABqxups7JkmBxY3JVFlBghMtb1byHn6zvz4iZUz07XenigP4MZxOyatONkp38eauo-dAQrr_ZqEjWEntQ2SNkag4NIT4TBOT8tFJhz9Ba1hiKV10XA=,gAAAAABqxupsH_Zg9uhOMrZXe55odv7S2tJO9RXG8SKrrjhAkINyGukumzGKG0wyOBaHwD38pUIklQZPsmAUw2l7KiQ4IuBrmQ==,gAAAAABqxupsFaJXfErE44bykj5-MXYxMIl4iE-np1In-B-tGNJabipToy7A80Zx6Xp9dxWdHWaLdRcV3MMOG5oq_e77jv0BzrkLM0f-eVyY5DsXl_rNJoZz25HoGmiR-1lp5ohLTssa,142290647222812462502866484406385903881
192,815f3e214777b8187786587391489910d642bca169ebe5d1cc9e653716a35b1e,qHUZHNkMT7KbZOm99aMOcg==,611a4eee736099390e4126c59818738e63485f5f0d2696eadc6f235aa848d34c,gAAAAABqxupsWyw-gHr97X2mpAm_fLWEyORq8VWcUchE4ZPsJjEZ_FBVfQYWV2MEPFsI6A9RiHBBv9IzQlPA4Xo1IIH36jQTVDb9d0PMIGeZm1XUit-27Qk=,gAAAAABqxupsbUVKS1cEIOV-53YlJnxlXk-arMj9aEL9zqaNhTGZmdPaAxvSqICEHSGkmyK8vspsAY05bXX2AZ4-HXyU36AzbA==,gAAAAABqxupsBdhetC9kLB2-zsTw-tbCJKvJfc4DwXoSzCEBl9g-8JKdlyuRQobB8OAizGpaMSpZ1ZIW2p_55mUaB4SafA5NbrAmLK4HYfv944Qd0IWgJgv1ESCme5cX4giqGQGAr3x7,31576033432644400045482924462531363016
193,10c85ee362e5b21f2429a0a96f197f43fe94d763860826bccf9bb675f4061888,pVpVonAbvpsT6Gbuztf_qQ==,d3b4db1d815d6bac2be633e5f9d57827ae23b007ee28d96280206a516768ea0b,gAAAAABqxuptWw8YQMw3Xz_nCDOiS0Ok7mzQd_24OpseczGGwcPdRfDCwMFdZbpDvgD9rG4uI9oqsGywgRg7XH-5CJndDefn3ur6NVlBaQZOHd2_gFX4kiU=,gAAAAABqxuptDpKu2HCHhWtZwnorF0LlrQ3ZENyk4E30zgS4lkUwdTo4KmoCEgPnZhOTBPUh3jexZzXRYKJqVn_CZZZg_dsAQg==,gAAAAABqxuptBxjXtctMHo3TpcCPZgXAAomucn8h8OCOHJJ3ZTNo5jiV_HmUB0eK1Z4ud_uYBeAcLx5vtvyVK8I3eAkzJMztlzB8CEnkYJGXE4Wx23FQaJ6CaDRS5y60-VDgp7Lr9WRi,22399961265188609640709613270103261420
194,fc529a27ee0413c7c97d68479701d5517c6af217b156a3b8105695131db73275,mu4lPhrqzV_qgajYRG94AQ==,c3a0b56a04a4cf933bf49542898af3d90b46a9ce01e113a584cf4b26d95cb381,gAAAAABqxuptFMwn_C1zAFBEhUjr8pG_8qT1YFn6J_B0yjp9WVfhSFtSybhPyAWH6ed19M8XU3Oc9DTU5vwXE58vwKEq3NdY8CRM7nLAaXfZKIKfaKs9H90=,gAAAAABqxuptGmmvW7kAxwrLJwsS1rZsVO4hh3H8K8o1YRZTleO7dFeTqfPeT9ALtBi2vq3np8Lh59spe_tHIQeDuXkwXQODzw==,gAAAAABqxuptOXYjO3kL24ZXupNzItnp2PffjROaKTYqb5vdW1K5Iq_itx5kDH8IYESD3d5bgS8_6NJwNglmQQW6KkF6t8wa73vYqYw3PjOycHBlrtnn-uXHi6R6CE6s_in1VEVE3Xh2,12245377112320185007511518207306551240
195,4304e5b05b015a8ad717b2018b4ba1a569173d6b6e341bc3e5c73ba50e7bb613,IBF36hHrnnuIwD8I2uEykQ==,74641665a460398603680f302881796b8b2dc39330c88f0a073a418d58d1d82e,gAAAAABqxupuFinVNSt2VxYTSug_LYfeq7uRIBPst8Eh1lGJ233HzYfXh2cZ6HcEOPxDa-1smbmJyvZvR6RmdJdOYkMOrYO7iuNfB_4qJRSfC8weH9sJAiE=,gAAAAABqxupua1VQKCJfAPXBd8hlQyK5N4ahUgArY-RInzONjnKFnq1IjHlxW2AR-GSnDEfM9aF05E3So9Eae4aNzcbbYwIl6g==,gAAAAABqxupuMq66S3Z_PWAfSxfPFHPVQwoZByAZMfDLP-nhKcz0Um-ckgiXi8vqnF6TiTYl0NA-YTuodLdQRvUyTQAFLzLIN523tBLxhdXaULD0BLaFbHv8PT6vOFj8elAt2E5LH5kR,91771811428037068578135150008981944486
196,bb407d981a6fb48b541711a71a94f683867ba05dee4e4774f200c05a24abaf59,x72xb6sQ1t3EaQtEfK3q_A==,8d3c8af45fd30d1ea7dc1fcd75ecc93ad1f587d464c930ddb948a6480ebc19a5,gAAAAABqxupuwi4CpT6ULkvVbiLreA33tqMTv5Ez9JK-uIIBesjo5cMT4wR8uhTqarxOdxzr641ZtfUVB3QWY59zq1Q3sVxcEft-0GsNsXdDy3hr3SMWE80=,gAAAAABqxupuHitHmvF94gYazXmP7rsGvud48XDCDWIuNKkrQ6aJZF7YFNNl4H2A5G-x8chYqsVf2ryTq2nLcs5MPvUHs5XYWg==,gAAAAABqxupumlunomgB6WGF1jBFminaq8HO3Yuzy0vnFt98tmUD4L_i21KngACaklFVGklJ1VLaFrvKUOFGyD4puqBlkgvzfZi1arRuVKJJrdXAaDoWfm_Qaj9OnMwoOefnTqCpTX_J,126821648420191866619073942871734606507
197,1445be46abfb1125a88c7ff4d71c19b174c7dab45ef7e726629fa87068733ab7,9r3Ywuxgacxz5rd6XyyJ2w==,69015520d8c591fc641df9aa4684232fe812a6f2b5a59fb41aab9127e6849a68,gAAAAABqxupv9lCrvhzamkcc1ypsihltTEQYiE4-k21B-h-530fqguvIzPZlsQsLyMJHLcZOz5umOwKxbvOrKCyntpDYVuAGPVMclQRglJG8mg9XFoiOZc4=,gAAAAABqxupvhluFa2s_Y8P3m-ykdpfAycbBAVRh6Eha4YmmUL9lk10sw39eZ3XGxIv1jXD-LzlSiaU_4JyIrjWuu58Fuuyxaw==,gAAAAABqxupvNu3dq4_J8eKyY1MMawv-XQWKsKvhZAg7XyjH0f_WXQH2yXiv2jfUeGn7t4tgK7OQiYZpyGvymeIJDU-vSC8Xce8B2IE5QJlL3GcPXxYGIhDDTNjPj7JuEQ8ZmJht_YVn,160364370343358201847655446494554254990
198,443f41b24e26619252ff495fc536558d4c0f14ede7621ab741640cb4cb717654,JBrrH_rafWIHtQ8p8r8qEw==,c55d016706a88c0823136bfe660e48233aa20079ddbddc684f8ae3c1b093bdd6,gAAAAABqxupv4HbBTIOBF5bSruCuD81tN36VtuKJUTn6IK5KHPRHeo0CClVepSGdshl2rohXpdY1cu-8p8TTqOxcmyIF0p3BPm6skjemkYBxYhYJcVQQTS0=,gAAAAABqxupvYe_e1dtlkx37QZgaseoi8huAzuCcSgn7tdUe_dDzgrZ02DQjhFbjIV5QJAARG5p8rpT2X9bV8IM4NSY51CvdlQ==,gAAAAABqxupvXm8YdQYI8mSGxGcCWuDpR9JWyFKtoE1mOc9CfKORrwbF6AlRBs9Yf5SSdVTWzpjbacEO2fVdWIH7WfNfYVPpG4VzTWKxVmB_W_CWBoaUjpn6qnJ1o8PztbpfsxVbxjNb,14936962820524564867586806475992592775
199,270dd78bfd51261f413bead89dbd7f832725b98a744b76ba41ac5bbdf19db8c4,McPSWT16-EUXZ1WgnMvkFw==,f346e0434b00598ce80d629a559e3bbe71b2d642917f2aa574ae132ade43e9b5,gAAAAABqxupw1sBYO0M5wG-8Apcd6DiH_XTpPq7DkDlzYglvPf_geUJ_BUpMWJwdIVX809LfWDS4QMtLrlJaIAgfwKwktz-Nbj6jWREbein-HV3Z9LokFvk=,gAAAAABqxupwDy9ANkE1IlVrefj9twEZhrm4p182OFP28sgIFv7XeQtR8HE39Sa9CQufuhSu-vVWHly-TBl7TWxyi5ECoQ_oLQ==,gAAAAABqxupw5QdWvlAy8newnHEY3OfHmcX2gFCmKFONJ_oX2sZXQli1g012x4HINm-liJvuLSfx_ehgq_PIsxaP-U8v6dGF5-wstyeHvmLH25QSDRCbK4o8yc0J-sA7vH_haTu0zPip,23478575716619557472080098587874496164
200,c366957d6c5077410a4c50d9629815aa8206a2c198726ea91d2230236925988b,_c3v5YrJI5e_taOoq8Df9w==,526b9a7cdc8bd9eb5692c3219210de0e9d91b73a597e5c505a6517f9ce405a8c,gAAAAABqxupwLiTAuyK_jNDFy4D-Frv6CkwXHY2pm-63Y6-swWvUZ7WLUXQq2o7g_CeQMb0_Mbi_HVhM-vSNy9esmIYNupKGmh7wk4TS00wQskYt7x6JRqk=,gAAAAABqxupwcw9MAoN0G8BFelRtXRyh3nGZO8S0Rq3hxx6EpgTPR70UFTTpv-RITpu5ryI86hF7fMbKovW761fw9OXZKi78yQ==,gAAAAABqxupwwgh4uhAlej19coA2H_6pgQXjD70361XOraliz4RQT8-i5Y86-yLyTak8GpTYG-ZBGfLg5LhseZYE0O-pcUAzTPTuDVrQZkhxhfrX1kPHAdTb9YAlyMKIkRrVyeZe8aNm,154379180008942609685687712004689703380
